n_places,milliseconds
10,32.2228
10,26.4571
10,26.0487
10,24.0456
10,25.8426
10,22.8601
10,23.6581
10,23.8523
10,24.2775
10,24.9898
10,24.8746
10,23.5018
10,26.311
10,23.4737
10,24.9149
10,24.0214
10,33.8757
10,27.3432
10,24.8285
10,26.6061
10,24.7336
10,23.7185
10,26.1076
10,26.2442
10,24.0635
10,24.4901
10,25.0784
10,24.6671
10,24.7553
10,24.3344
10,23.5258
10,24.5585
10,26.3183
10,23.3377
10,24.5154
10,23.92
10,24.8237
10,602.34
10,22.515
10,22.6612
10,22.689
10,23.6114
10,26.2132
10,22.5356
10,23.288
10,25.1241
10,23.8524
10,25.4622
10,23.5791
10,23.9341
10,27.8747
10,25.017
10,26.9501
10,23.1773
10,25.4513
10,24.6986
10,22.6003
10,24.6597
10,23.4867
10,24.1828
10,24.4763
10,23.4477
10,27.9789
10,23.314
10,25.8581
10,23.0157
10,28.2048
10,39.3703
10,22.96
10,24.5893
10,22.9817
10,25.6762
10,22.9862
10,23.3444
10,26.1356
10,24.1055
10,25.2392
10,24.6425
10,23.8824
10,26.5374
10,25.2603
10,25.6499
10,25.5509
10,24.5124
10,23.606
10,24.3439
10,28.3352
10,24.8555
10,25.5219
10,30.4097
10,31.3015
10,27.9794
10,30.0802
10,26.4051
10,26.6172
10,24.4082
10,26.019
10,23.6812
10,25.7355
10,25.1221
11,24.3165
11,25.7215
11,24.0659
11,30.1975
11,32.9618
11,26.982
11,25.3637
11,24.9365
11,26.3766
11,25.6568
11,38.4595
11,24.7613
11,25.0675
11,24.5319
11,25.1496
11,26.1997
11,25.2937
11,25.8257
11,25.9619
11,25.5126
11,25.7578
11,25.8847
11,26.0003
11,25.2193
11,23.6818
11,25.9372
11,26.8469
11,25.1892
11,25.7991
11,25.6866
11,25.3065
11,25.246
11,26.8325
11,25.6922
11,26.3468
11,26.6487
11,27.976
11,26.9317
11,27.1733
11,26.5909
11,26.5196
11,28.9715
11,27.9235
11,26.221
11,27.5567
11,27.7291
11,28.043
11,27.5062
11,28.1912
11,26.4015
11,25.9672
11,25.3983
11,26.3858
11,27.7017
11,24.6248
11,27.2872
11,25.8951
11,26.9915
11,27.5278
11,24.4823
11,28.4512
11,25.6981
11,26.8988
11,26.4348
11,27.1918
11,25.3706
11,26.711
11,26.183
11,27.8924
11,28.25
11,27.0028
11,28.4268
11,25.7095
11,28.3197
11,28.5274
11,26.8705
11,28.0969
11,25.8383
11,27.7803
11,27.029
11,26.2323
11,27.5783
11,28.6748
11,26.0701
11,27.1638
11,27.5719
11,26.9072
11,29.2876
11,27.5752
11,26.2962
11,25.3764
11,25.5087
11,25.9383
11,25.0876
11,27.1349
11,24.6947
11,25.5331
11,25.6836
11,24.8043
11,26.697
12,25.9477
12,26.1752
12,27.8533
12,25.6798
12,27.034
12,27.1143
12,26.0471
12,25.5662
12,25.9849
12,24.9139
12,26.5248
12,27.1248
12,26.1409
12,26.3216
12,25.9266
12,26.0236
12,28.4449
12,26.1106
12,27.4384
12,27.3763
12,27.8632
12,26.3608
12,24.9287
12,27.6288
12,27.9107
12,33.1431
12,33.5104
12,30.4861
12,26.2913
12,25.5789
12,26.9793
12,25.3363
12,27.4037
12,27.0909
12,27.699
12,27.2348
12,26.6941
12,27.1202
12,54.0848
12,26.5171
12,27.8622
12,28.3007
12,27.0457
12,27.4464
12,26.8973
12,28.2134
12,25.7259
12,29.0279
12,25.4556
12,26.8534
12,1742.35
12,30.1534
12,25.3092
12,25.3216
12,26.5097
12,26.7315
12,26.1229
12,26.8428
12,25.7799
12,28.6152
12,26.9568
12,27.1165
12,26.489
12,28.2917
12,26.2657
12,27.9045
12,27.8779
12,36.7446
12,26.498
12,26.2442
12,26.5689
12,24.6783
12,25.4565
12,29.6081
12,25.3309
12,27.4518
12,29.612
12,28.8787
12,27.6971
12,27.5167
12,26.9622
12,28.0257
12,25.4785
12,24.431
12,27.1606
12,28.7371
12,26.422
12,24.7503
12,27.9668
12,26.8046
12,24.8152
12,26.819
12,25.3648
12,28.4744
12,26.302
12,25.3378
12,28.1452
12,24.5731
12,27.2578
12,25.517
13,29.7263
13,28.0249
13,28.0156
13,27.8681
13,29.5957
13,27.9121
13,26.6619
13,27.0172
13,27.4212
13,29.1214
13,27.2959
13,29.7403
13,28.3213
13,28.4661
13,27.5227
13,30.9207
13,27.5746
13,30.5382
13,29.3924
13,29.3773
13,29.3781
13,30.3402
13,27.7118
13,29.298
13,30.7712
13,27.7905
13,30.4029
13,29.9878
13,30.3755
13,28.4246
13,30.3699
13,29.415
13,30.1122
13,28.6051
13,39.315
13,36.9139
13,34.9007
13,31.1148
13,27.6656
13,31.001
13,29.5831
13,29.3721
13,28.5377
13,29.7098
13,31.9872
13,42.8362
13,30.104
13,31.4599
13,28.7458
13,29.1774
13,29.4907
13,29.1318
13,27.5002
13,28.6136
13,28.8983
13,27.5917
13,27.8193
13,29.5217
13,37.2209
13,38.4402
13,29.0947
13,30.425
13,29.4627
13,3872.66
13,36.0317
13,30.9069
13,31.0417
13,29.9594
13,27.7623
13,30.3137
13,27.5569
13,3850.04
13,30.0136
13,32.2746
13,30.2776
13,26.0813
13,30.1862
13,27.5542
13,25.511
13,26.8331
13,27.7446
13,29.5866
13,31.7752
13,33.7974
13,28.3221
13,26.8968
13,27.4849
13,30.3471
13,28.26
13,28.3326
13,28.7553
13,28.0715
13,30.8107
13,27.7911
13,27.9945
13,27.4653
13,29.2563
13,29.0374
13,29.6267
13,28.6669
14,31.5307
14,30.0092
14,28.3488
14,31.0515
14,28.134
14,40.3127
14,28.3555
14,30.1157
14,28.6907
14,31.1941
14,29.9065
14,30.1027
14,29.9779
14,31.3061
14,29.1743
14,1106.25
14,31.0204
14,28.963
14,31.5971
14,40.389
14,37.2599
14,31.433
14,27.5021
14,30.2785
14,28.8168
14,31.0039
14,31.3615
14,28.7016
14,31.3932
14,29.2573
14,39.7584
14,31.6486
14,30.7895
14,32.3501
14,29.4095
14,29.7659
14,37.8034
14,30.8832
14,28.095
14,30.099
14,27.2785
14,31.4227
14,30.4617
14,29.3892
14,31.1116
14,31.1446
14,28.5653
14,28.0073
14,30.4187
14,29.709
14,29.377
14,27.4548
14,29.0304
14,28.7375
14,32.0654
14,29.5659
14,29.6805
14,28.3613
14,31.2561
14,30.2055
14,40.4976
14,34.4639
14,40.147
14,32.3243
14,39.8
14,30.7832
14,30.4097
14,30.9973
14,28.4946
14,28.8355
14,28.606
14,31.7487
14,28.6598
14,33.3795
14,29.0175
14,31.4388
14,29.6948
14,33.2629
14,29.0882
14,30.0106
14,30.011
14,40.5382
14,31.1154
14,28.4821
14,30.2714
14,30.9118
14,32.5604
14,30.5425
14,31.8488
14,30.1597
14,31.008
14,30.7283
14,32.7476
14,37.2535
14,30.1845
14,30.108
14,30.3314
14,31.0998
14,30.7647
14,31.5062
15,30.3688
15,30.0236
15,33.5116
15,30.0185
15,33.469
15,34.4362
15,30.6848
15,32.1752
15,32.9719
15,33.7073
15,31.1934
15,32.5854
15,31.9168
15,38.4763
15,42.0354
15,33.5419
15,30.9084
15,30.8034
15,31.9097
15,33.0308
15,31.7059
15,33.3537
15,31.8054
15,32.7297
15,30.9238
15,31.4378
15,30.5619
15,33.2834
15,31.8343
15,32.3565
15,29.5079
15,33.0364
15,30.241
15,33.4539
15,36.7913
15,32.1958
15,32.2116
15,30.9677
15,66.9237
15,29.5764
15,30.4779
15,30.5853
15,30.872
15,32.2196
15,32.203
15,31.7768
15,30.9265
15,37.9554
15,30.699
15,33.4452
15,30.4846
15,30.305
15,28.7219
15,31.5723
15,42.0339
15,30.8661
15,31.8343
15,35.1139
15,31.9734
15,28.1685
15,31.5654
15,33.7877
15,30.7818
15,29.5126
15,33.8397
15,30.0755
15,33.7567
15,29.6046
15,33.5019
15,29.4468
15,34.2597
15,31.5149
15,33.6653
15,30.5255
15,33.1043
15,33.0882
15,30.7032
15,32.2266
15,32.712
15,30.579
15,29.8473
15,29.2745
15,32.3354
15,30.7664
15,33.835
15,27.6625
15,32.6519
15,29.8169
15,31.1007
15,29.1751
15,33.6913
15,30.3304
15,33.7803
15,31.1127
15,32.6303
15,30.5928
15,32.8055
15,29.0248
15,32.6488
15,29.2208
16,33.8307
16,31.9365
16,34.5444
16,33.0364
16,29.824
16,32.8969
16,30.2305
16,36.7597
16,32.3711
16,34.3094
16,31.7312
16,34.9385
16,41.9794
16,37.741
16,7513.03
16,32.6225
16,32.1402
16,35.9377
16,31.2908
16,33.9877
16,32.5368
16,34.3418
16,31.9101
16,35.0638
16,31.2403
16,33.4293
16,33.0382
16,34.9106
16,33.921
16,33.0156
16,40.5974
16,32.2946
16,33.5548
16,30.7036
16,32.6463
16,32.3961
16,31.8623
16,30.7879
16,31.8733
16,30.7939
16,31.2327
16,31.4563
16,33.3987
16,37.6484
16,34.557
16,32.5317
16,33.5405
16,36.2578
16,35.1101
16,29.8606
16,30.2428
16,36.718
16,36.0497
16,36.2262
16,34.0055
16,30.2925
16,43.7006
16,36.2588
16,33.5664
16,31.9318
16,34.0273
16,30.9447
16,33.2445
16,38.0418
16,35.6562
16,40.1612
16,31.8677
16,32.2622
16,32.1958
16,39.2579
16,38.0224
16,39.384
16,48.4954
16,34.3427
16,31.6283
16,32.4225
16,33.0399
16,33.7693
16,33.7411
16,31.2119
16,32.1898
16,36.6431
16,45.2322
16,36.973
16,32.4554
16,32.396
16,40.6995
16,34.5335
16,38.2746
16,32.3236
16,33.7351
16,32.5412
16,30.9682
16,32.048
16,32.7512
16,30.2863
16,29.849
16,29.5084
16,31.8271
16,32.1646
17,32.2531
17,38.9839
17,38.2702
17,32.4588
17,32.2988
17,43.8488
17,34.0321
17,34.0689
17,52.3963
17,43.5401
17,33.7611
17,50.766
17,60.7824
17,39.4532
17,47.3944
17,34.3591
17,45.1724
17,37.5558
17,35.5443
17,34.9302
17,34.681
17,42.4742
17,37.2826
17,33.2481
17,33.4996
17,33.338
17,32.7208
17,35.265
17,33.2029
17,36.0787
17,35.0427
17,34.7516
17,34.9635
17,33.0925
17,34.3272
17,36.953
17,34.1671
17,33.9745
17,36.3418
17,33.5992
17,33.3677
17,38.5056
17,35.5728
17,34.2522
17,33.8462
17,34.7639
17,33.3802
17,36.9781
17,33.0302
17,39.7605
17,35.5606
17,33.8558
17,33.9486
17,34.6331
17,46.0501
17,44.898
17,34.1337
17,34.3292
17,33.9286
17,35.1459
17,35.6021
17,35.1582
17,32.1556
17,38.3179
17,32.2271
17,34.5217
17,32.5683
17,33.2812
17,33.8512
17,33.039
17,34.6828
17,31.0406
17,33.5677
17,34.3611
17,34.1505
17,32.6672
17,32.9682
17,33.4648
17,38.5447
17,33.6785
17,34.506
17,38.4437
17,43.5937
17,43.1196
17,33.2084
17,35.9536
17,33.5599
17,33.7039
17,32.8502
17,32.133
17,32.5123
17,33.794
17,36.8734
17,32.0444
17,33.9763
17,33.1523
17,35.8307
17,34.1164
17,32.7787
17,35.0901
18,35.2998
18,35.7282
18,33.9755
18,35.1463
18,33.5324
18,33.9476
18,36.349
18,35.424
18,35.4369
18,33.164
18,38.1558
18,32.5571
18,34.8649
18,33.772
18,33.243
18,34.4655
18,34.2822
18,33.2891
18,34.4327
18,33.0911
18,37.5953
18,35.7817
18,34.4904
18,37.801
18,33.4008
18,34.9041
18,33.6217
18,34.3521
18,35.0132
18,33.4784
18,31.9353
18,1292.47
18,35.6639
18,33.1483
18,34.1895
18,32.1816
18,33.934
18,32.8664
18,35.3728
18,32.3491
18,34.2639
18,33.7226
18,38.1948
18,34.4384
18,38.9829
18,40.6972
18,35.7047
18,33.9189
18,34.3233
18,33.1511
18,34.1322
18,36.1971
18,41.53
18,35.2218
18,36.8441
18,34.2741
18,38.5
18,36.0792
18,35.7121
18,67.7284
18,39.551
18,51.2242
18,46.438
18,38.1325
18,35.0497
18,34.7779
18,35.4362
18,39.2439
18,42.6109
18,33.3161
18,33.6117
18,37.0208
18,36.3999
18,38.4131
18,36.4718
18,36.5755
18,37.364
18,35.6255
18,35.8304
18,38.342
18,34.633
18,39.8904
18,38.8634
18,38.896
18,33.8142
18,38.7039
18,36.1249
18,33.4416
18,31.3283
18,32.6471
18,33.1148
18,34.8434
18,33.4
18,33.728
18,33.531
18,35.4045
18,36.8509
18,34.6756
18,36.7045
18,34.8729
19,33.4407
19,35.1861
19,34.2515
19,35.7077
19,36.7066
19,35.2312
19,35.9342
19,34.1873
19,35.7221
19,35.8327
19,38.1282
19,34.6495
19,34.9296
19,36.563
19,35.9974
19,35.5283
19,36.7684
19,36.215
19,37.1257
19,44.48
19,35.8012
19,41.4202
19,40.9688
19,38.0422
19,36.7888
19,35.551
19,35.1878
19,35.099
19,36.7312
19,36.2738
19,34.8623
19,36.3466
19,37.9033
19,41.4859
19,39.5407
19,36.2886
19,38.9756
19,47.4406
19,34.5247
19,34.8785
19,35.1454
19,35.4904
19,37.2413
19,37.761
19,33.7698
19,35.0931
19,33.755
19,35.6225
19,33.7501
19,37.0798
19,49.8229
19,37.6548
19,44.9553
19,39.0607
19,39.6048
19,35.8329
19,35.6728
19,37.4828
19,35.2911
19,44.1632
19,37.2305
19,37.1864
19,33.9561
19,37.7702
19,38.45
19,37.1723
19,35.6371
19,37.1711
19,36.1778
19,37.6371
19,36.9566
19,35.5236
19,35.1606
19,35.2546
19,35.5337
19,38.2258
19,39.9868
19,38.5224
19,36.985
19,35.5998
19,36.1893
19,37.0643
19,36.1798
19,36.6368
19,37.0325
19,36.9106
19,37.5446
19,35.8084
19,35.4532
19,36.6311
19,41.1962
19,39.0353
19,37.6249
19,36.6327
19,35.7296
19,37.8884
19,36.6991
19,37.4032
19,37.1522
19,38.3426
20,35.9937
20,37.4323
20,38.7863
20,38.8476
20,37.2108
20,35.707
20,36.9197
20,39.5431
20,37.4065
20,35.9838
20,36.4832
20,37.0567
20,35.6467
20,36.2691
20,36.7619
20,37.7194
20,39.3458
20,50.1801
20,37.2346
20,46.955
20,52.3602
20,47.577
20,38.2298
20,39.0368
20,37.8812
20,38.6138
20,39.07
20,38.6164
20,41.1948
20,39.1405
20,35.6224
20,38.1596
20,37.5664
20,37.3734
20,37.3254
20,36.9286
20,38.7377
20,38.6203
20,37.3067
20,36.5224
20,35.1666
20,40.7751
20,38.8107
20,37.292
20,37.9408
20,39.8942
20,42.9814
20,43.4761
20,35.1603
20,38.3636
20,36.512
20,37.8382
20,36.7571
20,37.312
20,40.087
20,40.6252
20,36.7978
20,39.9012
20,35.0939
20,36.2633
20,37.6333
20,37.7374
20,38.4207
20,46.2559
20,38.6407
20,40.0028
20,39.0966
20,42.4321
20,47.8957
20,37.4989
20,41.5042
20,44.7823
20,37.646
20,39.477
20,46.3805
20,38.3891
20,47.2444
20,40.2344
20,39.9754
20,36.1011
20,37.2856
20,36.655
20,36.7337
20,35.7065
20,36.0512
20,38.1526
20,34.3288
20,40.2461
20,39.0491
20,42.9134
20,38.4083
20,37.805
20,37.4534
20,38.1275
20,38.3776
20,38.6434
20,40.5971
20,36.9685
20,38.232
20,47.5248
21,67.8303
21,44.871
21,38.0856
21,40.9545
21,41.128
21,48.5194
21,50.1841
21,51.4618
21,49.2156
21,40.6953
21,48.4551
21,41.5192
21,40.2357
21,44.9998
21,48.6317
21,39.8128
21,41.505
21,49.4818
21,49.0066
21,43.3219
21,41.2912
21,39.5829
21,46.0619
21,43.932
21,40.219
21,40.4696
21,41.0698
21,37.8343
21,38.7786
21,41.5496
21,40.9998
21,58.0599
21,55.5145
21,44.2525
21,48.2005
21,42.5695
21,51.9254
21,42.3598
21,43.1293
21,55.3875
21,40.4116
21,41.3753
21,40.909
21,38.7019
21,40.6777
21,38.6206
21,46.614
21,47.692
21,91.4392
21,36.6444
21,36.1485
21,38.8089
21,42.2986
21,36.7434
21,38.3384
21,40.506
21,38.5768
21,38.2818
21,46.8797
21,41.9369
21,40.191
21,41.1391
21,38.7984
21,39.7718
21,38.9035
21,37.4557
21,39.9305
21,37.7527
21,38.3869
21,46.3452
21,50.1881
21,39.7283
21,40.9339
21,41.3689
21,47.077
21,43.8547
21,37.9488
21,41.0876
21,40.6797
21,41.1395
21,46.7777
21,40.2574
21,38.8651
21,52.0834
21,41.0576
21,38.9916
21,39.5758
21,51.293
21,50.56
21,45.5207
21,41.2899
21,41.9471
21,51.9955
21,50.5272
21,49.6898
21,47.5998
21,52.4967
21,38.1209
21,39.7844
21,41.1383
22,48.0044
22,41.5206
22,40.7202
22,40.3661
22,41.7093
22,49.2058
22,53.3139
22,43.0614
22,38.3544
22,39.8314
22,40.7664
22,56.6757
22,55.4547
22,53.3572
22,51.3896
22,41.584
22,51.8719
22,49.4059
22,51.0253
22,39.3985
22,58.0018
22,55.1478
22,45.137
22,47.5291
22,41.0824
22,55.2752
22,49.4874
22,40.208
22,35.9383
22,39.0258
22,39.74
22,41.2357
22,39.7151
22,40.0368
22,41.164
22,40.5278
22,42.572
22,44.09
22,38.616
22,42.9768
22,40.9267
22,40.4797
22,39.89
22,42.8976
22,39.9139
22,40.2911
22,53.5483
22,42.9028
22,43.5286
22,38.2934
22,39.0373
22,38.9089
22,41.3584
22,38.7973
22,41.9053
22,39.3943
22,38.2787
22,38.9685
22,38.1358
22,39.1732
22,40.0019
22,42.854
22,41.5709
22,41.4302
22,43.8302
22,39.521
22,39.14
22,45.2528
22,39.2767
22,42.246
22,43.4565
22,41.643
22,43.3599
22,42.0412
22,41.0211
22,40.7864
22,41.1558
22,38.7926
22,51.6421
22,40.9367
22,40.5311
22,42.3165
22,42.0259
22,38.5185
22,39.6793
22,42.9234
22,43.8977
22,39.5056
22,39.3179
22,39.6118
22,40.9444
22,51.2124
22,46.7139
22,52.8713
22,42.4138
22,42.2831
22,47.7511
22,42.928
22,42.163
22,42.3656
23,44.9894
23,41.5058
23,44.0921
23,44.4288
23,50.2649
23,220.868
23,42.1
23,43.5013
23,42.4272
23,42.6531
23,41.2876
23,44.5664
23,51.0822
23,43.1307
23,46.8599
23,41.7614
23,42.4464
23,42.5169
23,41.7313
23,46.3665
23,42.2795
23,43.3523
23,44.3281
23,44.0341
23,42.3197
23,45.3299
23,43.7276
23,58.5329
23,43.7438
23,43.3737
23,41.7656
23,43.4565
23,67.1635
23,42.28
23,43.1162
23,39.5398
23,43.661
23,44.5825
23,40.6672
23,41.6071
23,40.1134
23,42.8451
23,42.9765
23,43.8738
23,42.6869
23,41.0055
23,44.5433
23,42.1437
23,42.9247
23,57.1534
23,45.0564
23,41.5918
23,73.8836
23,40.3348
23,49.4205
23,42.4324
23,49.0793
23,42.6335
23,50.6914
23,57.8407
23,51.5688
23,51.2928
23,43.6792
23,40.0501
23,42.7465
23,42.1825
23,47.1604
23,40.67
23,40.833
23,43.1564
23,44.8227
23,40.7489
23,43.3425
23,43.0623
23,41.371
23,44.1126
23,40.2996
23,40.2363
23,40.4588
23,41.47
23,41.151
23,44.9674
23,48.2854
23,40.0788
23,42.983
23,41.4566
23,40.9829
23,38.2494
23,48.0681
23,43.2703
23,41.519
23,38.4904
23,39.8789
23,43.7652
23,50.0207
23,41.9756
23,40.7033
23,43.4983
23,42.1677
23,47.3456
24,42.9452
24,45.9514
24,44.6498
24,44.9586
24,47.6109
24,51.5857
24,45.601
24,44.0626
24,48.0371
24,47.5307
24,45.697
24,43.763
24,40.746
24,45.653
24,41.5576
24,46.2763
24,48.5686
24,45.98
24,42.7051
24,50.407
24,55.6121
24,43.7944
24,45.558
24,43.6852
24,43.843
24,42.319
24,46.615
24,41.605
24,42.8192
24,40.5833
24,43.4632
24,44.3455
24,45.3249
24,44.5524
24,45.8805
24,43.66
24,45.0127
24,49.442
24,47.5632
24,45.1451
24,43.5821
24,44.7599
24,46.3912
24,53.2006
24,44.0315
24,48.1859
24,49.1249
24,42.6429
24,55.827
24,46.3036
24,43.1886
24,42.071
24,40.2813
24,41.486
24,45.499
24,40.9569
24,42.2253
24,43.0571
24,43.7225
24,46.1113
24,58.113
24,53.3503
24,42.1776
24,42.8297
24,46.7993
24,53.727
24,42.6527
24,44.9092
24,42.5476
24,44.2311
24,48.4229
24,45.7779
24,42.4493
24,45.7433
24,44.0232
24,44.1594
24,53.4274
24,43.0495
24,44.8139
24,44.7971
24,46.2182
24,45.0316
24,44.716
24,43.3732
24,44.6202
24,44.0936
24,44.4985
24,46.4196
24,45.3491
24,43.9556
24,41.6684
24,42.8517
24,49.1124
24,44.6354
24,43.1437
24,44.128
24,41.8471
24,43.9197
24,43.8078
24,42.0476
25,46.2263
25,43.2852
25,45.1619
25,47.0822
25,46.0788
25,41.2023
25,46.3533
25,43.5966
25,41.7791
25,44.8717
25,44.7254
25,45.0859
25,44.7884
25,43.0417
25,49.3174
25,46.4488
25,59.7827
25,44.3327
25,45.1328
25,43.8231
25,46.1098
25,55.3539
25,47.9793
25,45.7631
25,46.9949
25,50.4571
25,47.2178
25,47.3644
25,47.4923
25,47.8776
25,47.2559
25,45.933
25,43.4843
25,45.5018
25,45.3662
25,46.8536
25,46.7121
25,49.0601
25,46.3423
25,48.0106
25,45.0862
25,46.1811
25,48.4337
25,43.9695
25,45.2602
25,47.4313
25,59.2216
25,51.3743
25,45.0945
25,45.9234
25,45.1012
25,50.3336
25,49.594
25,44.1383
25,45.9303
25,47.0007
25,47.6303
25,46.3952
25,45.8952
25,46.8809
25,45.8355
25,44.7824
25,46.0602
25,44.746
25,40.8721
25,40.3067
25,43.6467
25,53.3232
25,53.8748
25,49.1737
25,44.9125
25,46.8331
25,44.6273
25,47.3166
25,44.8851
25,46.203
25,44.448
25,45.2413
25,107.283
25,47.0472
25,46.323
25,45.127
25,48.4434
25,46.3532
25,44.9153
25,45.1502
25,46.3071
25,48.1401
25,44.2211
25,46.496
25,46.628
25,46.4588
25,45.0164
25,55.2921
25,44.1999
25,52.5472
25,51.8316
25,59.8366
25,42.2666
25,46.2406
26,47.7001
26,42.9331
26,45.8457
26,47.7
26,48.2424
26,49.1333
26,43.7635
26,48.4337
26,54.865
26,44.7225
26,46.8008
26,44.0133
26,47.8904
26,48.7995
26,48.272
26,48.0569
26,45.3806
26,45.6206
26,49.3306
26,47.9894
26,48.9808
26,48.0711
26,45.5059
26,46.0281
26,51.0474
26,45.7412
26,43.6474
26,42.8753
26,45.0294
26,54.1077
26,56.4328
26,56.3114
26,45.8317
26,44.7027
26,43.857
26,62.4076
26,44.7951
26,46.7296
26,47.1572
26,51.7875
26,49.5394
26,44.033
26,47.0845
26,44.0651
26,45.6643
26,46.2366
26,49.8954
26,47.3245
26,47.7437
26,56.3144
26,44.88
26,44.6847
26,47.6706
26,48.8761
26,49.2553
26,46.9815
26,44.5526
26,43.944
26,46.5898
26,47.7458
26,64.1183
26,46.084
26,43.3623
26,43.8458
26,42.4409
26,43.7344
26,47.0007
26,45.0889
26,46.0917
26,46.3955
26,45.6545
26,60.6713
26,46.6328
26,44.638
26,45.7839
26,44.4322
26,45.54
26,45.6108
26,47.5928
26,43.9132
26,45.8281
26,47.4874
26,48.2281
26,44.4703
26,49.4143
26,44.4799
26,47.7418
26,47.8228
26,44.9427
26,53.5764
26,44.1062
26,47.0112
26,55.1585
26,43.8781
26,49.0162
26,51.2148
26,44.599
26,44.9811
26,46.3745
26,44.8761
27,47.81
27,45.4185
27,52.2976
27,47.7606
27,45.449
27,45.4787
27,51.0809
27,58.049
27,60.1731
27,57.5574
27,55.6326
27,56.1403
27,72.404
27,56.3437
27,56.7105
27,57.3917
27,74.5645
27,77.5013
27,60.5301
27,60.9767
27,61.2409
27,58.5666
27,60.0134
27,59.5246
27,57.3432
27,54.8099
27,56.4029
27,58.0196
27,59.1559
27,58.0387
27,57.0109
27,60.5499
27,57.8712
27,57.7531
27,58.3739
27,60.1401
27,57.2665
27,59.1378
27,57.0484
27,59.8707
27,60.8238
27,58.4835
27,57.2675
27,57.2876
27,60.5697
27,59.2327
27,58.2281
27,57.3835
27,60.8623
27,55.0645
27,57.2717
27,62.9273
27,56.1119
27,58.1725
27,58.5165
27,54.9252
27,55.0996
27,56.2002
27,61.762
27,57.7373
27,58.7659
27,56.5943
27,70.7627
27,55.6813
27,57.0199
27,55.9993
27,59.1993
27,65.8718
27,66.2632
27,59.7677
27,56.5588
27,58.3691
27,56.925
27,60.8304
27,47.3125
27,45.2579
27,46.117
27,52.6454
27,49.6604
27,62.2276
27,51.1299
27,54.3829
27,46.983
27,50.3725
27,50.9352
27,47.5139
27,59.7294
27,61.454
27,47.4218
27,47.2217
27,44.9585
27,45.8899
27,58.399
27,54.1292
27,45.7264
27,54.2293
27,48.3032
27,57.2614
27,51.0319
27,50.5353
28,69.5615
28,48.2006
28,46.0649
28,46.4474
28,47.1089
28,48.293
28,44.9501
28,53.1788
28,55.2179
28,49.0914
28,47.3172
28,46.6251
28,62.7201
28,48.6763
28,57.8974
28,50.658
28,52.5537
28,48.5876
28,48.5608
28,48.1028
28,49.8311
28,48.1561
28,49.3737
28,56.548
28,49.5856
28,60.7529
28,59.7714
28,50.4794
28,60.2087
28,49.7101
28,48.849
28,50.8593
28,52.487
28,57.5938
28,48.3666
28,46.9281
28,47.1059
28,46.5566
28,51.7226
28,47.1353
28,49.3147
28,48.4962
28,49.0849
28,50.4301
28,47.869
28,45.2106
28,45.8142
28,45.7086
28,58.9758
28,49.7324
28,50.7737
28,57.6888
28,53.6028
28,56.4615
28,55.4648
28,48.3821
28,66.2419
28,62.5258
28,52.7178
28,55.6995
28,49.8074
28,57.0237
28,51.6583
28,60.1253
28,54.8629
28,52.7335
28,57.9086
28,58.5994
28,72.1606
28,62.2347
28,59.2539
28,49.5363
28,51.022
28,50.3106
28,55.0081
28,59.6542
28,48.9432
28,51.0114
28,50.3087
28,52.2389
28,53.0365
28,51.3071
28,57.6713
28,49.5122
28,47.3167
28,56.4331
28,56.8861
28,49.1836
28,50.9245
28,50.6841
28,57.5096
28,72.2577
28,53.6273
28,50.5896
28,60.0866
28,51.5237
28,56.8639
28,56.9597
28,60.4427
28,48.6787
29,60.672
29,68.6805
29,59.3431
29,58.924
29,57.7229
29,51.686
29,54.1393
29,52.2997
29,52.9778
29,52.7823
29,60.8412
29,59.9117
29,68.4678
29,58.9851
29,58.1441
29,52.7909
29,60.1031
29,56.6406
29,76.6903
29,53.6771
29,53.4748
29,52.5115
29,51.2742
29,64.5297
29,65.0283
29,46.9755
29,48.5235
29,48.2742
29,49.7599
29,51.4723
29,51.6634
29,55.7826
29,61.3507
29,63.7849
29,51.7216
29,50.752
29,49.9687
29,51.8122
29,50.6112
29,49.9351
29,50.2597
29,52.7906
29,64.4137
29,58.1457
29,47.781
29,49.3021
29,49.7872
29,53.0973
29,49.1556
29,49.2278
29,51.9138
29,54.1179
29,48.5233
29,52.2274
29,51.3224
29,49.7577
29,49.9264
29,48.8951
29,47.2328
29,46.8842
29,49.6333
29,53.1039
29,50.8747
29,48.5543
29,47.9002
29,48.8783
29,51.3287
29,51.1364
29,48.3183
29,49.2359
29,49.3667
29,52.5558
29,49.3476
29,48.0664
29,50.0007
29,47.9566
29,46.6199
29,48.8914
29,47.7855
29,49.9689
29,49.1428
29,50.8484
29,51.6401
29,50.8137
29,51.0458
29,48.2741
29,48.3347
29,46.7333
29,57.81
29,50.978
29,51.4565
29,49.8361
29,54.869
29,51.7112
29,52.4958
29,48.0023
29,49.9568
29,53.2286
29,56.5336
29,62.1568
30,50.3517
30,50.3639
30,48.7035
30,51.7055
30,50.7321
30,50.0329
30,56.5091
30,56.6865
30,53.3024
30,52.2436
30,51.7226
30,50.6606
30,50.8311
30,50.1096
30,54.6955
30,49.0827
30,56.2536
30,52.4932
30,56.0778
30,49.6137
30,58.707
30,60.984
30,49.4885
30,56.4942
30,52.0538
30,53.6242
30,49.8415
30,48.7957
30,49.9672
30,50.2322
30,52.1455
30,51.7878
30,52.6685
30,59.5939
30,51.6817
30,52.3319
30,47.4606
30,48.547
30,48.8424
30,50.1179
30,48.5425
30,52.2459
30,48.1042
30,47.8954
30,49.6709
30,53.6624
30,47.7884
30,50.6162
30,48.6864
30,52.0313
30,50.4292
30,49.9929
30,51.8882
30,49.9361
30,50.2604
30,54.3663
30,48.3255
30,51.1894
30,50.3289
30,58.9961
30,48.2399
30,47.7372
30,58.4763
30,66.9759
30,60.0466
30,50.4574
30,53.8336
30,61.4266
30,61.9058
30,50.3004
30,50.1517
30,50.2453
30,48.8244
30,50.2216
30,51.4416
30,51.0071
30,51.7458
30,64.1007
30,72.55
30,61.2438
30,64.0018
30,67.2217
30,61.9261
30,63.5341
30,62.5668
30,64.9169
30,61.9723
30,62.4321
30,63.1477
30,59.2001
30,60.944
30,60.374
30,66.7604
30,71.032
30,63.5809
30,62.7765
30,64.4781
30,60.9704
30,65.206
30,63.7476
31,64.9217
31,69.5718
31,65.7361
31,72.6128
31,66.0728
31,65.1513
31,68.2023
31,67.6139
31,67.9049
31,64.5146
31,60.7886
31,60.3085
31,63.9905
31,63.9995
31,61.9687
31,63.0213
31,65.0859
31,66.7097
31,93.7333
31,63.4878
31,62.5994
31,61.9376
31,64.1507
31,66.7877
31,72.2659
31,71.3242
31,73.2505
31,64.6737
31,60.8887
31,63.5878
31,70.1569
31,70.5399
31,75.5386
31,64.6494
31,63.8868
31,62.2196
31,64.6788
31,64.4129
31,55.9849
31,50.9064
31,50.6417
31,61.7855
31,54.1947
31,52.8962
31,51.2665
31,50.3733
31,50.7626
31,52.7813
31,54.1285
31,50.7547
31,50.7985
31,53.1871
31,69.9232
31,63.0982
31,67.0788
31,52.6075
31,51.6146
31,56.7271
31,57.3921
31,51.2072
31,51.1974
31,57.8104
31,58.9449
31,58.1334
31,52.038
31,56.5187
31,50.0172
31,52.1867
31,65.1418
31,61.5546
31,51.8225
31,51.3356
31,48.7203
31,48.5748
31,61.0416
31,62.3411
31,58.1115
31,52.8445
31,62.0912
31,67.0476
31,52.2443
31,50.9876
31,54.329
31,67.975
31,54.8963
31,51.1723
31,54.6119
31,64.9
31,57.5559
31,50.6554
31,53.7193
31,56.4386
31,63.5071
31,62.3982
31,62.5647
31,51.2565
31,55.3955
31,53.3421
31,52.8898
31,52.1252
32,54.8359
32,53.6108
32,54.661
32,53.9525
32,52.4055
32,51.0848
32,58.5761
32,55.671
32,56.9237
32,60.667
32,61.4658
32,71.5067
32,73.72
32,64.7216
32,65.2088
32,71.9169
32,67.1352
32,69.2386
32,66.3519
32,78.1513
32,73.8548
32,68.8452
32,71.589
32,67.7739
32,66.7916
32,79.9961
32,70.0626
32,79.6007
32,94.3039
32,96.697
32,77.0655
32,93.0666
32,69.0777
32,77.6554
32,77.0462
32,71.766
32,74.1208
32,68.0636
32,67.7147
32,86.1871
32,76.2883
32,69.7391
32,68.4127
32,72.2389
32,67.5363
32,80.5166
32,84.8567
32,96.0564
32,70.1244
32,75.4501
32,70.8327
32,71.1839
32,67.5376
32,67.7016
32,65.6159
32,71.6581
32,82.44
32,71.2206
32,78.7547
32,90.9442
32,65.846
32,72.5036
32,71.0361
32,66.9788
32,116.015
32,63.0758
32,60.2503
32,60.2043
32,67.8794
32,58.9831
32,59.9218
32,55.6719
32,58.95
32,58.5318
32,65.3994
32,67.2487
32,66.8318
32,71.7996
32,61.7621
32,67.4924
32,61.4163
32,63.5486
32,59.175
32,85.5827
32,63.527
32,62.9162
32,60.8383
32,60.6798
32,61.7107
32,62.4373
32,77.2543
32,65.5597
32,70.3911
32,73.0226
32,65.5073
32,63.656
32,61.126
32,81.94
32,69.5323
32,60.7933
33,62.8824
33,63.233
33,61.3053
33,65.5658
33,65.4235
33,73.1342
33,66.1062
33,64.088
33,65.0497
33,65.8074
33,63.5541
33,62.0956
33,72.3654
33,72.5348
33,90.4242
33,61.6598
33,80.4843
33,61.8401
33,59.7183
33,62.9032
33,61.0082
33,67.9793
33,63.8043
33,59.5663
33,72.258
33,60.938
33,56.8379
33,59.3088
33,74.1725
33,60.4707
33,58.0833
33,70.6141
33,66.1675
33,79.0779
33,63.6399
33,62.4778
33,64.9066
33,69.2968
33,64.1156
33,57.5918
33,59.4757
33,61.7271
33,62.3384
33,63.0783
33,62.3153
33,68.5257
33,58.0665
33,65.2924
33,62.8516
33,59.2487
33,59.5364
33,67.8423
33,60.4558
33,66.1625
33,72.9336
33,62.1271
33,59.7259
33,59.9785
33,61.5931
33,60.5661
33,67.3095
33,59.517
33,60.3464
33,61.3883
33,58.6556
33,57.9128
33,62.1767
33,58.297
33,67.4705
33,59.4971
33,62.8176
33,64.5385
33,71.2032
33,70.2728
33,71.0489
33,72.5817
33,56.5535
33,56.2101
33,59.4064
33,62.7904
33,60.6381
33,64.4821
33,61.7103
33,61.8524
33,60.6884
33,60.4058
33,67.6891
33,72.0942
33,57.9598
33,75.114
33,58.3016
33,55.2806
33,60.8018
33,71.0225
33,80.5507
33,59.7971
33,70.249
33,61.2509
33,57.8481
33,56.4067
34,63.4466
34,65.7459
34,65.6544
34,71.0207
34,56.3706
34,58.3318
34,56.6606
34,63.8519
34,62.3146
34,56.4795
34,56.4628
34,57.4044
34,65.473
34,58.6262
34,58.9309
34,65.7734
34,59.6172
34,57.4914
34,68.4679
34,57.3085
34,57.8784
34,55.8341
34,65.8997
34,58.9522
34,76.7358
34,62.6349
34,65.9447
34,59.1661
34,62.8714
34,60.1958
34,64.5653
34,57.4104
34,60.3738
34,66.4798
34,66.2531
34,59.2328
34,58.6408
34,64.1137
34,70.6432
34,66.8837
34,60.6835
34,72.2992
34,65.8436
34,56.834
34,82.9426
34,59.2888
34,62.3056
34,58.0045
34,56.9462
34,62.3554
34,63.1163
34,58.6792
34,56.4163
34,58.7318
34,57.4872
34,69.6902
34,59.7245
34,57.493
34,72.9857
34,57.7726
34,67.2264
34,66.6994
34,55.3789
34,54.9743
34,56.4697
34,51.6985
34,60.3755
34,50.8231
34,54.7668
34,60.6861
34,66.0425
34,54.621
34,54.5987
34,54.8874
34,54.1143
34,52.1778
34,53.7195
34,64.6186
34,69.2055
34,56.5623
34,53.0033
34,51.9025
34,53.5311
34,56.1036
34,53.2473
34,52.7163
34,52.5301
34,57.4206
34,66.0893
34,82.5906
34,56.6656
34,62.7638
34,54.6596
34,56.9199
34,52.9007
34,56.2396
34,54.77
34,53.6498
34,55.7081
34,57.6642
35,56.0676
35,56.7257
35,57.0377
35,56.2568
35,61.9437
35,59.5738
35,57.9676
35,59.6515
35,56.7792
35,69.7232
35,59.8837
35,68.0131
35,59.8347
35,56.7593
35,57.8262
35,56.0806
35,55.7709
35,65.9473
35,55.3142
35,54.8247
35,53.8124
35,60.9597
35,55.9199
35,56.4525
35,57.8818
35,55.4961
35,58.379
35,58.3352
35,56.0602
35,58.9027
35,57.4178
35,56.5754
35,56.7166
35,62.3912
35,58.2135
35,57.1483
35,57.5076
35,55.5319
35,60.1131
35,61.6908
35,57.2071
35,61.7776
35,55.4689
35,56.8859
35,60.7177
35,59.1061
35,57.3386
35,62.4068
35,65.1122
35,56.7458
35,56.1375
35,57.7676
35,57.139
35,64.7202
35,55.835
35,58.9478
35,119.541
35,57.6621
35,58.4181
35,57.3028
35,56.4037
35,57.04
35,59.3502
35,54.105
35,56.1776
35,61.6904
35,57.5932
35,63.0038
35,56.9258
35,57.2353
35,57.4845
35,70.7334
35,58.4215
35,54.0979
35,53.3734
35,54.9377
35,60.7769
35,64.7437
35,60.8679
35,62.197
35,64.0007
35,57.2235
35,60.0183
35,58.0635
35,61.2329
35,60.6304
35,59.7399
35,60.4751
35,61.4879
35,62.2621
35,60.2514
35,62.93
35,55.2671
35,57.7867
35,56.3847
35,57.3663
35,62.72
35,57.7314
35,60.6635
35,58.285
36,60.7082
36,56.7812
36,58.9419
36,63.1904
36,63.8016
36,65.4202
36,62.3456
36,58.7507
36,57.3731
36,59.0261
36,57.6568
36,60.2343
36,78.1598
36,58.7491
36,58.0336
36,59.3775
36,87.7905
36,58.131
36,58.9588
36,60.9754
36,67.9058
36,61.4737
36,59.6062
36,61.8721
36,57.9008
36,57.0618
36,58.3124
36,57.0625
36,60.9805
36,72.6398
36,77.0933
36,69.3872
36,61.9864
36,67.8707
36,66.2094
36,63.6386
36,58.7227
36,73.709
36,72.8312
36,58.779
36,64.6078
36,69.7447
36,74.9666
36,60.2385
36,63.0509
36,70.1864
36,58.0826
36,59.2753
36,58.8404
36,65.9115
36,75.2402
36,60.0472
36,60.0897
36,65.9344
36,60.9969
36,69.4772
36,60.4606
36,76.3197
36,61.0584
36,76.5934
36,67.5174
36,58.9958
36,67.9629
36,67.9256
36,69.4048
36,56.8682
36,59.8884
36,73.2605
36,73.5693
36,60.2716
36,63.4299
36,75.0954
36,61.08
36,61.4617
36,64.2088
36,66.5553
36,65.2199
36,74.0478
36,66.4326
36,64.8887
36,66.795
36,59.526
36,62.3876
36,59.2834
36,70.1331
36,67.8232
36,88.8358
36,70.4258
36,58.7783
36,61.8803
36,85.7576
36,66.8243
36,59.2494
36,79.5724
36,65.8949
36,61.2005
36,63.7519
36,76.1151
36,76.2174
36,59.1416
37,71.7891
37,68.602
37,78.8681
37,71.052
37,69.579
37,61.8853
37,63.0171
37,61.8879
37,63.2441
37,59.0653
37,61.2646
37,68.9664
37,62.7969
37,73.0167
37,74.4254
37,63.181
37,69.4734
37,62.5278
37,63.8803
37,61.8146
37,62.8764
37,62.2534
37,70.7265
37,66.3111
37,62.8092
37,60.8474
37,83.5827
37,70.6878
37,82.5496
37,82.5385
37,74.8758
37,61.8927
37,75.3665
37,55.9754
37,75.7205
37,70.713
37,61.1315
37,71.827
37,60.8885
37,62.2279
37,60.5002
37,60.5388
37,62.0238
37,58.389
37,57.9211
37,59.8658
37,61.5471
37,64.044
37,62.622
37,60.5937
37,65.2188
37,60.9415
37,62.8385
37,75.1901
37,63.422
37,63.9447
37,65.6901
37,62.6431
37,72.3667
37,59.8732
37,62.5119
37,61.7419
37,63.8082
37,63.0741
37,60.1075
37,63.4602
37,71.4809
37,66.2144
37,60.7633
37,57.1263
37,59.295
37,62.4153
37,58.7823
37,63.9868
37,59.0653
37,58.074
37,163.152
37,61.7079
37,60.4095
37,60.9383
37,60.9201
37,58.3403
37,58.6088
37,71.8896
37,89.3954
37,77.476
37,64.1322
37,64.081
37,63.6111
37,63.0807
37,64.3259
37,59.9326
37,59.1605
37,60.2233
37,59.8707
37,61.9423
37,60.7783
37,60.7946
37,61.8477
37,63.4804
38,60.5966
38,61.6495
38,61.3471
38,69.2313
38,71.3494
38,73.9669
38,70.4526
38,60.1605
38,81.2086
38,65.5393
38,59.2293
38,70.92
38,60.5826
38,59.1684
38,61.3418
38,60.193
38,59.5003
38,71.563
38,61.658
38,62.7074
38,93.2632
38,69.4332
38,66.9792
38,69.2418
38,62.0688
38,62.4298
38,77.8242
38,76.8349
38,71.3506
38,68.3358
38,72.3621
38,65.6245
38,74.2092
38,62.5661
38,64.3158
38,71.3627
38,63.7925
38,73.5058
38,75.1771
38,70.3186
38,68.7663
38,65.0153
38,65.9731
38,74.1219
38,64.5114
38,63.692
38,71.1247
38,73.5623
38,77.892
38,76.3741
38,77.8629
38,64.1745
38,71.6855
38,66.6986
38,68.2958
38,68.6613
38,80.478
38,60.4343
38,65.7027
38,68.1399
38,65.043
38,66.463
38,62.5011
38,62.4606
38,65.0128
38,64.3917
38,63.0906
38,64.5704
38,62.0085
38,64.0521
38,71.1857
38,64.6707
38,63.3422
38,61.8041
38,63.0976
38,63.1335
38,66.1694
38,63.0147
38,70.5677
38,68.608
38,60.5887
38,64.7537
38,63.0822
38,68.9639
38,62.8723
38,61.2758
38,84.4038
38,67.0081
38,58.4991
38,58.4508
38,69.7694
38,61.5704
38,64.9373
38,62.171
38,67.3898
38,72.1575
38,65.8562
38,61.4614
38,68.3617
38,67.5879
39,66.5886
39,64.6475
39,64.8256
39,63.8089
39,75.3871
39,64.5552
39,62.5767
39,62.6327
39,65.049
39,65.9384
39,72.6476
39,68.0476
39,72.6049
39,60.4023
39,64.6698
39,69.16
39,74.621
39,65.5429
39,62.9314
39,61.7516
39,64.1277
39,63.4348
39,64.1387
39,61.9905
39,63.9367
39,61.7942
39,61.8838
39,66.8555
39,65.7251
39,61.5648
39,62.5957
39,62.2994
39,67.075
39,61.0856
39,61.1173
39,68.2421
39,59.0577
39,58.9201
39,62.9104
39,59.4487
39,69.8465
39,62.1793
39,61.1565
39,60.709
39,63.0057
39,59.0369
39,59.892
39,62.1854
39,67.7717
39,65.4449
39,62.8284
39,60.567
39,61.6237
39,62.3747
39,63.7024
39,65.3203
39,66.9219
39,61.3015
39,60.7293
39,64.9299
39,64.5998
39,61.4794
39,61.2811
39,65.5604
39,62.0039
39,63.5371
39,62.5678
39,61.5106
39,61.7562
39,63.2413
39,62.767
39,78.4975
39,64.2034
39,71.949
39,66.8938
39,69.1954
39,65.3681
39,62.7072
39,63.6297
39,70.6441
39,78.1019
39,76.6617
39,325.591
39,63.9618
39,60.6263
39,60.2272
39,74.493
39,69.0694
39,74.4047
39,71.3692
39,65.4753
39,61.2053
39,136.574
39,64.6876
39,66.8631
39,64.3247
39,68.6709
39,67.1759
39,65.3272
39,63.9696
40,64.5262
40,67.9309
40,85.0016
40,69.5631
40,62.386
40,65.66
40,64.9177
40,63.6807
40,65.5922
40,70.1398
40,66.048
40,66.1952
40,64.7381
40,66.8
40,67.1057
40,70.6312
40,69.4555
40,77.3423
40,70.141
40,63.7427
40,61.884
40,61.7347
40,63.2381
40,76.8351
40,76.0906
40,78.6425
40,96.9403
40,68.7461
40,73.6536
40,72.1423
40,64.4104
40,75.7339
40,64.1344
40,65.9394
40,63.4198
40,65.9617
40,67.9076
40,64.9925
40,68.2665
40,64.3935
40,65.5206
40,65.9339
40,67.7219
40,68.2184
40,62.3828
40,68.1327
40,71.3668
40,74.0166
40,63.7113
40,69.3547
40,70.6804
40,68.3481
40,65.1448
40,70.8305
40,69.1784
40,70.978
40,65.3156
40,63.525
40,64.3826
40,67.1797
40,68.4638
40,66.2458
40,65.7739
40,67.1513
40,97.17
40,67.4805
40,65.7084
40,63.9408
40,78.745
40,69.9132
40,65.2194
40,64.7141
40,64.5693
40,61.1222
40,65.3694
40,65.5502
40,64.3811
40,69.2957
40,68.1508
40,77.2724
40,63.6765
40,64.3995
40,64.3415
40,62.5755
40,68.4094
40,64.2206
40,62.8719
40,68.9093
40,64.7168
40,65.6365
40,65.6527
40,86.5966
40,70.0412
40,73.737
40,83.594
40,74.8697
40,65.8895
40,73.1115
40,65.458
40,63.4132
41,65.3851
41,72.011
41,66.4435
41,68.9492
41,84.1612
41,80.0956
41,68.6368
41,69.2572
41,71.2668
41,65.7451
41,66.8947
41,65.7319
41,68.5508
41,74.7708
41,82.1333
41,76.7314
41,66.8839
41,67.9367
41,71.5198
41,64.1955
41,70.7249
41,69.1542
41,66.2361
41,62.8342
41,66.2108
41,64.9756
41,81.0023
41,65.458
41,62.7437
41,77.977
41,76.3834
41,64.6748
41,65.2987
41,63.7005
41,66.2267
41,65.542
41,69.123
41,70.5875
41,62.8435
41,64.2432
41,67.8045
41,66.8521
41,64.0459
41,68.3902
41,76.0797
41,64.0461
41,65.0973
41,65.3069
41,64.0144
41,69.9557
41,62.4211
41,63.0584
41,68.8621
41,72.2523
41,75.2066
41,65.8801
41,64.2335
41,65.3025
41,66.1745
41,73.3077
41,66.3239
41,63.4991
41,66.2659
41,63.7893
41,67.4612
41,65.3726
41,72.8157
41,68.6333
41,65.7224
41,63.2403
41,65.2597
41,63.3643
41,79.8863
41,65.0974
41,69.8074
41,66.7565
41,65.8804
41,64.352
41,64.9393
41,63.5484
41,65.3749
41,69.7077
41,74.3275
41,65.5412
41,68.3206
41,68.6947
41,66.5718
41,73.5316
41,72.2735
41,91.553
41,63.7859
41,64.1757
41,68.621
41,64.8287
41,63.8602
41,71.0845
41,89.0385
41,73.9432
41,68.7855
41,65.7601
42,66.9986
42,65.6378
42,78.0446
42,64.4421
42,67.6356
42,65.148
42,70.138
42,68.0953
42,69.9068
42,66.9703
42,81.6235
42,84.9663
42,73.5072
42,69.3436
42,66.1987
42,67.038
42,74.4354
42,67.3786
42,67.9097
42,68.9201
42,68.0951
42,65.6236
42,73.5698
42,66.488
42,69.3478
42,63.6308
42,65.5671
42,67.0605
42,73.0745
42,65.9391
42,62.684
42,68.4175
42,65.9545
42,76.6695
42,72.1584
42,68.1175
42,75.8977
42,68.7768
42,75.6175
42,65.486
42,64.9875
42,65.8425
42,66.1043
42,69.628
42,67.2103
42,72.6729
42,67.7852
42,66.2258
42,70.1018
42,63.5247
42,66.6177
42,67.1138
42,70.704
42,69.5889
42,67.1693
42,70.071
42,67.979
42,64.5451
42,66.2027
42,65.9183
42,76.8668
42,71.4475
42,75.7629
42,67.7559
42,70.9394
42,69.5542
42,73.339
42,73.4829
42,65.6395
42,68.9467
42,72.3764
42,74.7268
42,66.5673
42,71.9833
42,77.7957
42,67.8312
42,64.2544
42,63.7436
42,64.5122
42,68.5235
42,69.2252
42,71.085
42,67.943
42,83.462
42,67.4825
42,64.8749
42,77.4073
42,74.7066
42,80.0497
42,69.9497
42,73.9428
42,73.2406
42,94.7449
42,77.1415
42,77.8603
42,71.0796
42,74.0803
42,77.6592
42,75.1486
42,67.851
43,77.2026
43,80.5729
43,77.124
43,73.5981
43,84.9666
43,76.3271
43,68.8552
43,67.5658
43,77.5617
43,70.2809
43,71.6339
43,78.9494
43,71.3638
43,69.7311
43,67.3199
43,83.5404
43,94.5647
43,71.3267
43,69.6497
43,81.5688
43,76.8765
43,71.1008
43,77.024
43,68.7507
43,70.8382
43,76.87
43,80.8064
43,82.0686
43,80.8195
43,67.9945
43,69.118
43,79.6027
43,73.6486
43,80.082
43,81.0744
43,72.918
43,71.2001
43,75.2184
43,90.59
43,83.079
43,69.3551
43,81.407
43,70.7702
43,64.5149
43,66.2483
43,68.6389
43,69.816
43,76.2481
43,78.8807
43,72.5742
43,69.5583
43,66.3895
43,167.335
43,73.0265
43,85.7959
43,76.8886
43,82.0296
43,75.7444
43,68.784
43,77.0315
43,72.5922
43,65.8632
43,77.0349
43,74.2699
43,69.1113
43,70.7349
43,70.9977
43,68.3887
43,66.9758
43,72.6954
43,73.1196
43,69.5468
43,67.2753
43,68.9123
43,67.2779
43,67.3225
43,70.4656
43,68.2041
43,64.801
43,65.9131
43,67.1699
43,77.3043
43,67.463
43,72.9303
43,73.9657
43,68.3237
43,71.7307
43,74.8047
43,66.6129
43,68.2414
43,73.6806
43,77.1329
43,70.9856
43,68.7874
43,70.4525
43,77.9061
43,71.8007
43,72.1309
43,68.9984
43,71.3086
44,69.0994
44,74.2805
44,70.2283
44,70.0356
44,69.2197
44,72.2959
44,67.9564
44,69.5074
44,69.0172
44,67.4987
44,72.7679
44,73.7718
44,72.0127
44,72.118
44,75.983
44,96.5145
44,69.03
44,67.1556
44,73.7179
44,82.1352
44,71.3872
44,74.8219
44,79.062
44,72.5912
44,69.6016
44,74.2799
44,67.9013
44,70.9248
44,68.7699
44,70.5866
44,69.0847
44,67.8181
44,87.9997
44,75.4607
44,65.7513
44,69.19
44,72.7649
44,67.3767
44,71.8417
44,75.1408
44,76.8042
44,74.2511
44,76.8823
44,79.7281
44,86.3847
44,81.6491
44,77.5617
44,73.8992
44,78.3768
44,78.0563
44,73.4892
44,76.7362
44,79.579
44,75.6456
44,73.5678
44,69.7514
44,70.1397
44,68.8813
44,72.7826
44,67.7667
44,72.5526
44,69.8979
44,68.7621
44,71.2534
44,71.6863
44,69.1554
44,67.1035
44,67.8252
44,77.4071
44,71.7777
44,67.9307
44,68.0005
44,67.5187
44,70.5595
44,94.6407
44,67.6435
44,68.5581
44,72.5585
44,69.205
44,69.9613
44,71.9272
44,67.7223
44,70.8601
44,66.362
44,67.8164
44,66.6668
44,68.4075
44,71.313
44,67.5818
44,68.5672
44,70.1871
44,85.3925
44,83.2861
44,68.4948
44,69.3886
44,64.9338
44,72.5314
44,72.4145
44,72.0824
44,69.6996
45,70.2064
45,77.6284
45,80.7256
45,68.0342
45,75.5631
45,73.8798
45,71.7413
45,70.5396
45,77.5202
45,71.3411
45,71.1038
45,76.807
45,91.5261
45,81.0043
45,79.4948
45,74.8706
45,73.6436
45,85.2165
45,79.0695
45,81.4384
45,79.5752
45,82.4511
45,87.7131
45,85.1965
45,74.4544
45,86.394
45,86.8305
45,83.5586
45,77.7618
45,73.2304
45,79.5513
45,74.354
45,76.5758
45,74.5588
45,76.817
45,72.901
45,79.7706
45,121.02
45,78.838
45,72.4796
45,71.3901
45,82.4374
45,84.5385
45,80.0206
45,92.9349
45,96.6335
45,83.1776
45,85.518
45,84.2384
45,83.7737
45,74.2382
45,79.2247
45,113.974
45,83.9802
45,74.7426
45,85.636
45,78.2421
45,75.4711
45,77.3335
45,70.6594
45,78.8565
45,79.0911
45,73.9455
45,85.0258
45,81.5074
45,88.7667
45,79.7584
45,80.4055
45,75.0519
45,72.2507
45,79.9326
45,81.7848
45,85.9791
45,77.7467
45,86.7276
45,69.8604
45,72.3473
45,72.5337
45,71.5775
45,71.9384
45,71.1353
45,76.6428
45,72.439
45,74.6254
45,73.8187
45,87.4963
45,74.5582
45,80.6457
45,78.3347
45,73.9252
45,72.0858
45,76.6732
45,70.1709
45,84.5192
45,74.6516
45,87.5125
45,71.8568
45,113.53
45,69.4751
45,69.4445
46,73.3825
46,83.5673
46,76.9845
46,75.7096
46,78.2672
46,76.822
46,79.1472
46,78.4229
46,87.0655
46,84.6676
46,81.5978
46,83.6497
46,73.9535
46,72.9463
46,73.5242
46,73.6933
46,72.637
46,72.3959
46,74.7859
46,72.1997
46,70.0303
46,86.6574
46,72.0406
46,71.0091
46,84.8974
46,89.7272
46,79.7466
46,75.7666
46,72.0958
46,78.9224
46,78.4038
46,87.2284
46,75.6647
46,82.7578
46,610.358
46,89.8424
46,78.7552
46,74.5735
46,72.047
46,74.6192
46,81.1457
46,73.8742
46,76.963
46,73.2243
46,74.1311
46,72.7379
46,68.1014
46,80.621
46,74.1387
46,73.3194
46,80.7906
46,85.4654
46,86.3547
46,83.8017
46,75.1081
46,87.281
46,73.2367
46,73.1328
46,79.0456
46,74.6922
46,77.2846
46,83.6169
46,75.5036
46,80.8421
46,72.9371
46,76.0543
46,74.9457
46,73.2301
46,91.5522
46,74.7192
46,87.7186
46,76.9583
46,71.0286
46,73.7623
46,78.0815
46,76.4712
46,76.1646
46,77.1835
46,85.8162
46,75.7
46,80.5723
46,76.8982
46,75.7726
46,76.4842
46,88.7752
46,75.2329
46,74.8993
46,79.3617
46,76.6074
46,92.4366
46,77.3832
46,85.3296
46,71.2803
46,80.5114
46,74.4695
46,70.161
46,70.5488
46,74.5549
46,75.2909
46,74.1145
47,83.5553
47,74.6658
47,76.273
47,72.5216
47,91.1719
47,76.718
47,102.852
47,78.5965
47,74.7621
47,95.6546
47,74.1806
47,73.6256
47,87.8243
47,72.9972
47,76.1881
47,85.8896
47,88.1438
47,70.4233
47,74.0293
47,72.7051
47,81.3903
47,84.3241
47,85.3125
47,73.1525
47,73.7293
47,98.9655
47,71.265
47,79.2177
47,97.7106
47,122.631
47,89.3717
47,79.7002
47,71.3649
47,73.5488
47,74.1655
47,72.3168
47,78.4034
47,79.9703
47,81.9383
47,76.1146
47,76.0277
47,73.3813
47,76.1182
47,74.3465
47,72.4466
47,74.3906
47,86.2477
47,84.2022
47,73.881
47,75.9499
47,100.455
47,84.8582
47,77.0471
47,86.6397
47,88.8858
47,85.3571
47,85.0116
47,87.4644
47,75.1462
47,88.6489
47,87.2805
47,83.8348
47,76.2917
47,73.3284
47,74.4219
47,77.3569
47,85.7196
47,77.4647
47,71.3399
47,74.4916
47,76.9346
47,94.3896
47,83.6242
47,89.7012
47,72.8431
47,70.5027
47,70.2732
47,73.9078
47,84.9587
47,78.2509
47,98.2942
47,94.3549
47,68.6904
47,83.9418
47,75.2321
47,75.2088
47,74.7161
47,73.828
47,75.2123
47,83.6255
47,75.1049
47,71.5484
47,70.985
47,72.7763
47,71.1031
47,74.2129
47,79.0103
47,76.3584
47,75.1548
47,73.5921
48,84.4164
48,70.1608
48,70.7165
48,84.9622
48,78.0626
48,77.3677
48,79.1827
48,77.645
48,80.1109
48,86.0112
48,85.0414
48,81.0605
48,81.1326
48,82.7229
48,80.9484
48,84.0348
48,80.9681
48,76.685
48,76.2412
48,75.1998
48,76.6685
48,77.6402
48,78.5819
48,76.6221
48,72.9499
48,76.3988
48,74.9335
48,78.1465
48,75.9188
48,78.545
48,73.0286
48,82.6564
48,73.121
48,76.5761
48,81.5823
48,82.9724
48,80.0555
48,82.806
48,81.5811
48,79.7788
48,79.7847
48,78.6833
48,73.5744
48,86.4119
48,70.3835
48,75.0355
48,71.7154
48,79.843
48,119.052
48,74.7051
48,78.8669
48,68.3641
48,73.4059
48,81.4619
48,75.2585
48,76.1017
48,79.9001
48,76.5533
48,72.4255
48,73.1887
48,77.6184
48,75.745
48,71.9036
48,74.393
48,72.7892
48,73.2009
48,81.0047
48,75.6461
48,77.7112
48,73.4088
48,76.3238
48,73.6039
48,77.8504
48,78.1222
48,76.7769
48,73.5835
48,75.9134
48,77.2028
48,93.0515
48,89.723
48,78.6303
48,83.5875
48,78.7277
48,85.2723
48,82.7743
48,81.5515
48,89.3395
48,87.6558
48,77.7383
48,75.423
48,76.0637
48,77.0052
48,84.8275
48,97.7444
48,104.69
48,75.7461
48,82.4833
48,77.8916
48,84.3296
48,84.9295
49,79.3111
49,91.4861
49,94.5099
49,90.5456
49,88.0756
49,86.0865
49,77.5944
49,79.1836
49,76.5632
49,82.4111
49,82.2392
49,86.0685
49,75.3095
49,78.6739
49,76.7094
49,89.0976
49,95.4074
49,95.3306
49,84.9289
49,77.9415
49,84.0672
49,81.2698
49,84.1247
49,74.0674
49,70.785
49,78.1013
49,77.6341
49,85.4648
49,73.6881
49,78.545
49,77.453
49,76.8989
49,75.7203
49,77.3559
49,81.0073
49,75.211
49,77.6834
49,76.2235
49,75.5632
49,81.791
49,95.1682
49,85.7775
49,74.9142
49,74.3648
49,75.7961
49,75.1314
49,95.9732
49,88.712
49,88.8043
49,86.9521
49,342.271
49,91.5161
49,92.1931
49,93.5134
49,85.6139
49,83.2825
49,99.9857
49,89.956
49,85.9703
49,75.9207
49,99.7701
49,86.4995
49,89.5567
49,89.6307
49,74.372
49,83.4633
49,88.8825
49,81.1683
49,89.4569
49,78.1856
49,88.33
49,86.8818
49,77.609
49,73.5105
49,72.8093
49,74.8534
49,79.9033
49,77.094
49,85.2469
49,87.7535
49,103.784
49,76.3803
49,94.2624
49,97.3883
49,69.5715
49,70.3806
49,80.1233
49,75.142
49,75.5025
49,79.1105
49,73.8364
49,76.9697
49,76.1933
49,77.9329
49,96.2746
49,82.2143
49,78.898
49,77.6339
49,74.15
49,78.9608
50,83.8772
50,86.8461
50,90.5966
50,87.7891
50,88.5994
50,97.4794
50,90.8825
50,116.492
50,117.598
50,89.9731
50,91.2751
50,103.461
50,116.416
50,104.164
50,94.9835
50,90.8824
50,89.7793
50,90.4749
50,94.3113
50,93.7701
50,88.2934
50,89.9815
50,118.843
50,103.965
50,86.6579
50,103.602
50,94.5878
50,97.4885
50,95.6438
50,103.213
50,96.11
50,101.368
50,104.859
50,110.522
50,99.5337
50,107.555
50,99.2886
50,99.5907
50,93.6634
50,85.0412
50,90.4277
50,84.1409
50,89.1613
50,98.7965
50,80.5741
50,79.052
50,82.6772
50,80.6389
50,89.3922
50,82.943
50,79.1632
50,93.3522
50,79.7418
50,89.9757
50,80.8278
50,86.2988
50,89.3949
50,91.2721
50,93.6437
50,78.2112
50,93.2009
50,78.7209
50,75.7924
50,76.2774
50,81.278
50,78.0825
50,80.9786
50,82.1699
50,91.8789
50,89.3611
50,94.432
50,85.837
50,77.1963
50,79.9652
50,86.2669
50,79.6669
50,92.4762
50,78.4745
50,75.9401
50,78.1679
50,80.951
50,85.1004
50,83.2997
50,82.9348
50,86.9318
50,81.9178
50,83.3192
50,76.2022
50,84.2477
50,86.5154
50,75.2658
50,77.2701
50,81.0763
50,78.6793
50,79.6264
50,75.2791
50,75.0516
50,75.7238
50,78.0237
50,77.1598
51,84.1294
51,82.7289
51,84.017
51,79.7901
51,75.7762
51,80.4626
51,88.1345
51,78.5317
51,82.4836
51,89.8597
51,95.6129
51,102.558
51,98.3633
51,79.4425
51,88.2436
51,78.8242
51,84.6165
51,106.697
51,79.0885
51,90.5845
51,96.7988
51,93.2131
51,89.5488
51,89.7342
51,81.831
51,100.31
51,100.741
51,84.0957
51,80.7474
51,93.8406
51,77.1652
51,87.9865
51,101.506
51,94.2202
51,93.8445
51,74.6969
51,87.1239
51,85.4626
51,101.839
51,80.6796
51,83.5663
51,84.4826
51,91.4671
51,77.6791
51,81.9765
51,79.1904
51,79.1767
51,80.5061
51,78.8731
51,78.1179
51,76.7386
51,80.7204
51,77.0596
51,91.6191
51,80.4284
51,80.0744
51,79.5209
51,81.0325
51,95.6642
51,98.1591
51,85.1098
51,83.171
51,85.4404
51,86.623
51,83.6044
51,84.2784
51,97.9477
51,84.7603
51,97.2237
51,85.6235
51,81.4073
51,83.9192
51,84.4466
51,81.3616
51,83.1255
51,96.2767
51,84.443
51,83.6427
51,82.804
51,85.7172
51,81.2218
51,82.6269
51,88.7116
51,81.5858
51,85.5589
51,84.7361
51,80.4489
51,87.8108
51,79.1356
51,78.1083
51,82.5797
51,78.9239
51,85.4943
51,77.4553
51,80.6961
51,80.9234
51,75.7365
51,85.7766
51,84.7288
51,76.8973
52,87.7208
52,80.9915
52,83.1603
52,87.6125
52,85.3958
52,90.6951
52,84.8849
52,82.145
52,82.2306
52,86.6622
52,84.2371
52,80.85
52,253.711
52,76.8645
52,79.6652
52,81.5331
52,81.8031
52,79.715
52,82.2475
52,81.7584
52,82.2211
52,81.2949
52,81.3786
52,81.2433
52,83.2292
52,81.3618
52,84.571
52,81.4435
52,81.7007
52,79.8518
52,85.0472
52,86.0904
52,103.669
52,85.894
52,82.8781
52,84.2597
52,87.979
52,85.6709
52,86.364
52,88.5965
52,85.2065
52,85.6294
52,86.5716
52,81.9695
52,84.8193
52,79.9011
52,84.9706
52,80.2344
52,90.5351
52,80.1788
52,82.0425
52,87.4677
52,80.8992
52,88.7538
52,82.5091
52,89.863
52,87.7067
52,82.9737
52,85.8847
52,84.9081
52,86.6517
52,87.0049
52,79.6361
52,83.22
52,87.9246
52,83.451
52,83.6086
52,81.1698
52,84.7963
52,83.414
52,95.4968
52,86.575
52,90.3047
52,83.8202
52,84.1941
52,93.3705
52,86.41
52,80.5232
52,83.6356
52,83.9828
52,85.2826
52,79.833
52,82.6144
52,82.5982
52,79.9874
52,75.3992
52,99.7198
52,82.548
52,81.2421
52,94.4552
52,89.304
52,83.3375
52,84.4856
52,97.2776
52,88.821
52,87.5329
52,80.5588
52,79.1898
52,88.6177
52,82.4807
53,84.9097
53,81.7736
53,78.2247
53,79.8143
53,75.6684
53,85.5335
53,96.0972
53,95.3094
53,86.0643
53,82.1047
53,81.7907
53,91.2525
53,88.0952
53,87.3865
53,85.2419
53,83.3072
53,87.6381
53,83.1945
53,89.9186
53,87.1961
53,89.2335
53,85.257
53,85.2785
53,94.4537
53,87.0942
53,86.2982
53,92.9645
53,83.3577
53,92.6564
53,83.9544
53,86.2273
53,82.5353
53,85.9159
53,89.434
53,84.9511
53,101.776
53,86.5643
53,93.204
53,89.7942
53,89.5118
53,84.1835
53,93.5679
53,90.5318
53,90.4945
53,93.3427
53,89.2684
53,86.5943
53,103.717
53,86.5131
53,85.1793
53,99.1969
53,99.631
53,85.496
53,86.3805
53,508.552
53,81.7229
53,86.1246
53,98.9852
53,85.9236
53,94.1069
53,91.7911
53,86.3801
53,84.9612
53,88.5438
53,80.079
53,89.6388
53,85.2944
53,84.9794
53,88.8635
53,89.2887
53,86.6294
53,89.2248
53,85.5785
53,93.6297
53,84.9076
53,86.8868
53,87.9184
53,88.8521
53,86.6386
53,88.3482
53,83.6137
53,89.7427
53,84.4111
53,85.1784
53,88.1977
53,86.1719
53,93.5088
53,88.5289
53,86.2872
53,87.1087
53,90.8549
53,90.7724
53,85.7821
53,85.4142
53,85.042
53,87.7399
53,85.4408
53,90.4749
53,87.7386
53,87.3902
54,88.6213
54,95.9268
54,84.3158
54,90.9154
54,85.1359
54,90.8786
54,88.9827
54,90.4317
54,83.8124
54,95.8929
54,89.9197
54,90.8619
54,86.7261
54,88.9615
54,88.6104
54,86.8758
54,89.4478
54,96.2937
54,85.751
54,87.2518
54,88.2475
54,85.5269
54,95.0135
54,92.3163
54,87.9654
54,89.1551
54,90.2127
54,90.0061
54,85.7729
54,84.876
54,86.2068
54,82.8809
54,88.1046
54,101.626
54,88.7152
54,90.7051
54,91.4205
54,84.4391
54,87.9446
54,87.0995
54,98.4745
54,88.421
54,92.8367
54,87.0477
54,89.6046
54,90.7382
54,88.1132
54,88.4414
54,118.073
54,84.89
54,81.3751
54,82.3158
54,83.8349
54,86.6965
54,81.9805
54,82.7188
54,84.4173
54,91.3787
54,86.4439
54,82.3813
54,84.4431
54,80.1616
54,86.5883
54,83.6937
54,91.355
54,85.729
54,84.1512
54,82.0747
54,84.1563
54,86.8767
54,83.6247
54,87.2198
54,83.476
54,83.4957
54,82.0367
54,86.276
54,84.8299
54,82.309
54,82.1438
54,82.6813
54,83.6208
54,81.8543
54,82.9025
54,81.7721
54,85.8638
54,85.1641
54,79.7324
54,86.0008
54,85.0546
54,83.2056
54,78.437
54,80.3204
54,85.0169
54,84.9664
54,81.1435
54,85.2432
54,81.7768
54,87.9496
54,93.2775
54,84.2367
55,84.4472
55,86.0514
55,85.9921
55,84.3402
55,83.9376
55,80.6805
55,85.6985
55,91.4769
55,84.5512
55,83.9044
55,85.1298
55,83.7612
55,84.8631
55,83.9003
55,82.6938
55,87.8709
55,82.2524
55,80.7807
55,85.3889
55,86.0626
55,86.8839
55,89.5258
55,85.0932
55,83.8302
55,85.3441
55,87.1291
55,87.0076
55,90.9638
55,88.6691
55,99.2683
55,91.8718
55,86.3483
55,83.7845
55,88.0363
55,93.9843
55,85.2331
55,90.6755
55,80.2945
55,83.261
55,85.4756
55,89.1965
55,88.652
55,89.0385
55,87.7383
55,93.4221
55,85.8572
55,92.0649
55,100.504
55,90.4576
55,92.3146
55,94.7691
55,88.5059
55,90.6725
55,93.2487
55,88.041
55,90.2267
55,95.3077
55,90.586
55,92.7418
55,84.102
55,83.9255
55,84.0671
55,85.2732
55,84.5487
55,81.4465
55,81.9681
55,84.3626
55,103.204
55,88.6816
55,87.4864
55,87.8819
55,86.3258
55,91.6709
55,86.6559
55,87.3579
55,87.387
55,88.5174
55,88.3787
55,86.6395
55,109.169
55,89.0369
55,86.3031
55,90.4905
55,90.8726
55,91.8405
55,91.0006
55,94.4413
55,88.3341
55,182.826
55,87.8128
55,83.5649
55,85.7999
55,87.466
55,81.7213
55,85.9358
55,99.197
55,82.9566
55,83.2308
55,82.048
55,82.7055
56,99.0073
56,85.742
56,83.6939
56,88.7233
56,79.1103
56,91.1361
56,88.0669
56,84.4697
56,84.2008
56,87.3798
56,84.9173
56,89.2036
56,86.2243
56,83.9234
56,85.8317
56,89.2088
56,88.4187
56,86.5619
56,86.1432
56,89.5957
56,86.047
56,83.7172
56,86.332
56,99.7624
56,89.5211
56,94.0783
56,86.3734
56,85.3048
56,101.368
56,85.0377
56,90.8811
56,84.2512
56,83.7314
56,83.0904
56,94.0073
56,88.3685
56,84.2432
56,85.4049
56,89.8099
56,96.1254
56,87.3638
56,89.564
56,87.3747
56,86.516
56,89.0234
56,95.7861
56,97.2259
56,88.9402
56,90.6033
56,89.8178
56,94.782
56,99.8078
56,92.7874
56,86.6571
56,88.6229
56,89.6419
56,97.8066
56,92.8552
56,91.9223
56,87.5085
56,87.2136
56,106.673
56,86.7034
56,85.7942
56,83.5706
56,86.7395
56,87.4239
56,91.8864
56,85.65
56,87.5157
56,85.0198
56,89.7759
56,92.1811
56,89.4702
56,85.8015
56,88.9844
56,87.2159
56,88.4841
56,89.6156
56,92.5103
56,83.8712
56,91.7938
56,87.375
56,92.2295
56,86.5051
56,91.1139
56,85.294
56,106.624
56,87.2673
56,91.961
56,85.6979
56,86.942
56,94.9164
56,78.8113
56,86.0425
56,96.056
56,86.8734
56,84.6194
56,88.5395
56,87.6105
57,90.1788
57,83.9151
57,90.6072
57,91.2136
57,86.9942
57,97.377
57,95.0383
57,87.1807
57,87.1241
57,87.3226
57,85.2607
57,90.1802
57,92.3499
57,85.9095
57,90.0876
57,88.2616
57,89.7089
57,91.2166
57,86.0156
57,99.8124
57,84.3793
57,90.8927
57,94.0334
57,90.4248
57,94.3641
57,88.6563
57,88.2477
57,87.7297
57,91.3043
57,91.7482
57,87.1658
57,86.7965
57,86.4012
57,90.325
57,92.3763
57,91.1267
57,93.9632
57,98.3229
57,95.7231
57,99.6158
57,100.142
57,98.1873
57,101.603
57,99.0297
57,104.432
57,106.532
57,100.203
57,97.3155
57,117.342
57,100.543
57,99.8641
57,109.625
57,97.4658
57,102.653
57,102.37
57,106.494
57,99.9558
57,95.1802
57,113.528
57,103.562
57,96.0641
57,91.2544
57,92.4882
57,90.6606
57,85.8678
57,91.4113
57,83.9594
57,93.2179
57,85.1569
57,84.8732
57,79.4525
57,79.2321
57,89.2926
57,85.0176
57,80.8495
57,93.6627
57,92.3397
57,96.6239
57,95.7934
57,88.716
57,92.7645
57,92.6812
57,85.5044
57,85.434
57,82.9972
57,81.7979
57,89.0985
57,81.3491
57,83.6623
57,83.2906
57,85.3616
57,83.4542
57,91.5433
57,84.5338
57,97.0027
57,93.8821
57,90.2807
57,99.3763
57,90.067
57,102.852
58,100.716
58,95.5603
58,97.8226
58,89.0446
58,97.2539
58,91.5871
58,88.6351
58,89.6167
58,96.8535
58,84.7169
58,83.7053
58,88.6071
58,91.934
58,91.0998
58,91.3843
58,98.3427
58,97.1234
58,97.3516
58,89.4223
58,87.859
58,101.109
58,91.9466
58,88.7498
58,90.8538
58,91.9649
58,90.5129
58,92.106
58,90.1234
58,89.1637
58,92.6506
58,92.07
58,92.7185
58,97.4976
58,94.7137
58,92.821
58,93.9591
58,101.519
58,94.7246
58,95.0018
58,100.364
58,99.1981
58,91.5189
58,89.7525
58,95.0768
58,91.7539
58,98.0172
58,94.0656
58,87.4487
58,86.7551
58,89.4277
58,93.7625
58,89.5303
58,89.7295
58,102.54
58,89.2782
58,95.3173
58,104.284
58,92.3551
58,92.2898
58,87.1861
58,93.2486
58,101.626
58,94.9178
58,89.1427
58,83.9232
58,97.077
58,94.0663
58,99.8713
58,86.4993
58,100.8
58,89.0715
58,89.3519
58,94.5905
58,83.8712
58,92.5319
58,94.1668
58,90.9269
58,104.535
58,101.912
58,91.6095
58,88.2131
58,88.0286
58,87.2927
58,98.1191
58,86.9713
58,87.2988
58,94.4035
58,99.9378
58,97.5661
58,90.6543
58,88.0491
58,89.0763
58,90.3907
58,90.8275
58,87.6827
58,88.7492
58,89.9276
58,93.5043
58,87.5782
58,93.3671
59,87.5551
59,96.4433
59,90.1613
59,88.0322
59,93.5624
59,95.7595
59,95.6551
59,93.7043
59,89.4857
59,110.322
59,91.6612
59,91.0473
59,89.2454
59,86.4076
59,90.9474
59,94.6699
59,87.1583
59,100.034
59,94.3993
59,92.0799
59,94.653
59,94.9776
59,158.53
59,90.6416
59,90.9786
59,96.2855
59,103.234
59,103.529
59,91.6818
59,346.745
59,90.2968
59,89.7577
59,88.1121
59,91.7239
59,91.1962
59,94.6472
59,86.6434
59,93.9712
59,95.8432
59,97.1577
59,95.863
59,92.3323
59,94.2443
59,92.454
59,93.4123
59,106.759
59,104.39
59,107.185
59,108.329
59,109.116
59,123.089
59,113.715
59,112.547
59,131.154
59,103.96
59,104.656
59,109.81
59,106.13
59,113.162
59,113.676
59,107.735
59,114.822
59,100.99
59,98.5054
59,402.529
59,90.1151
59,93.8528
59,103.159
59,95.8952
59,109.892
59,92.3636
59,104.612
59,101.331
59,91.7574
59,92.0246
59,90.2714
59,94.9687
59,94.2717
59,88.9577
59,90.5478
59,108.33
59,94.8488
59,93.536
59,100.894
59,88.342
59,89.1002
59,98.7892
59,133.487
59,87.5563
59,90.595
59,93.956
59,94.3507
59,98.1938
59,99.4178
59,96.072
59,85.7931
59,91.5872
59,87.0578
59,104.862
59,92.2427
60,93.8846
60,93.9021
60,96.632
60,95.0613
60,91.478
60,123.852
60,96.6982
60,103.533
60,99.2415
60,97.4869
60,92.5705
60,83.8965
60,86.278
60,98.8504
60,96.5422
60,89.8253
60,97.8779
60,100.583
60,98.6456
60,102.347
60,96.2055
60,92.2238
60,93.5432
60,101.991
60,93.7556
60,94.0322
60,96.2101
60,94.6992
60,96.1152
60,95.2887
60,91.422
60,189.123
60,93.0548
60,97.1266
60,95.0846
60,91.2247
60,93.0702
60,92.107
60,96.3128
60,92.7352
60,89.1787
60,96.8773
60,98.3337
60,104.267
60,91.7408
60,89.618
60,89.8521
60,91.1826
60,90.3954
60,97.2306
60,96.3368
60,104.023
60,96.6854
60,117.098
60,97.4117
60,109.014
60,90.8702
60,94.943
60,97.0833
60,97.9547
60,96.8941
60,93.4794
60,91.1651
60,103.85
60,109.25
60,93.3293
60,92.684
60,91.4476
60,92.5977
60,95.8551
60,90.5067
60,102.31
60,98.6387
60,94.6502
60,105.356
60,94.2006
60,94.9394
60,96.3307
60,93.6038
60,97.1716
60,96.8709
60,89.5198
60,93.4964
60,89.0539
60,96.3088
60,126.091
60,97.1643
60,95.227
60,95.5069
60,94.4069
60,98.5572
60,93.2681
60,90.8044
60,90.0819
60,88.02
60,96.3653
60,92.3129
60,96.006
60,92.4958
60,98.2419
61,97.0748
61,96.0275
61,97.8653
61,88.6657
61,89.0285
61,95.7974
61,102.718
61,91.9642
61,94.4441
61,92.9343
61,95.751
61,91.7334
61,91.143
61,86.4897
61,89.1358
61,85.9967
61,105.764
61,91.2654
61,90.7462
61,92.6918
61,96.7279
61,97.5897
61,94.7606
61,91.8424
61,94.6373
61,90.2592
61,90.6832
61,97.6309
61,101.931
61,89.4745
61,134.607
61,100.907
61,96.5902
61,90.4372
61,101.226
61,94.5344
61,94.1386
61,102.49
61,100.584
61,91.8506
61,93.9692
61,100.672
61,109.264
61,106.607
61,111.039
61,108.67
61,103.207
61,114.729
61,115.653
61,97.8638
61,93.7516
61,106.648
61,98.9356
61,100.493
61,101.092
61,96.0076
61,98.6239
61,99.5014
61,101.441
61,107.309
61,108.65
61,94.7204
61,102.151
61,100.625
61,94.4428
61,95.2919
61,91.8971
61,113.453
61,99.1052
61,99.0544
61,95.348
61,89.8856
61,93.5085
61,101.648
61,110.082
61,91.4279
61,98.3215
61,95.0201
61,103.938
61,96.2963
61,96.9238
61,96.6039
61,104.47
61,98.8329
61,93.249
61,98.2156
61,96.8734
61,90.3113
61,97.3834
61,100.98
61,96.2594
61,89.9989
61,90.8465
61,93.0378
61,92.3795
61,95.7073
61,102.827
61,100.562
61,109.662
61,97.6336
62,95.9506
62,100.175
62,99.4883
62,106.437
62,115.391
62,105.852
62,95.9007
62,97.3687
62,101.763
62,98.7545
62,111.983
62,117.898
62,115.092
62,105.156
62,102.129
62,99.1524
62,109.018
62,100.251
62,102.863
62,93.6424
62,94.7163
62,109.487
62,102.712
62,102.734
62,97.5956
62,118.105
62,96.9419
62,109.022
62,109.166
62,105.518
62,99.906
62,98.4016
62,110.217
62,95.4699
62,114.829
62,103.506
62,93.0037
62,109.258
62,106.333
62,100.429
62,107.759
62,116.74
62,101.733
62,110.055
62,109.145
62,104.064
62,114.035
62,100.532
62,94.6793
62,100.638
62,106.405
62,96.0611
62,104.815
62,102.514
62,93.7182
62,96.0312
62,96.1805
62,95.0756
62,101.626
62,103.773
62,95.0672
62,95.978
62,96.6373
62,102.039
62,94.2706
62,94.9371
62,93.0698
62,107.128
62,107.063
62,90.7038
62,102.042
62,101.256
62,93.4488
62,99.1938
62,108.143
62,106.394
62,109.106
62,105.664
62,100.197
62,96.3546
62,91.8628
62,93.3471
62,102.196
62,94.7313
62,97.722
62,98.8279
62,94.9865
62,98.6804
62,95.2748
62,101.429
62,104.396
62,114.641
62,106.316
62,113.246
62,96.2388
62,91.3713
62,95.6406
62,94.7519
62,110.359
62,104.117
63,113.684
63,126.251
63,107.505
63,100.482
63,97.7504
63,102.515
63,98.5271
63,110.067
63,99.0706
63,117.899
63,105.302
63,101.02
63,109.718
63,95.2448
63,102.583
63,107.776
63,112.792
63,103.902
63,103.928
63,158.838
63,100.288
63,104.213
63,105.592
63,112.528
63,94.3093
63,112.404
63,106.246
63,101.86
63,113.261
63,95.2361
63,100.723
63,100.432
63,106.091
63,106.406
63,104.957
63,113.556
63,99.0668
63,106.749
63,109.542
63,107.027
63,89.8283
63,104.634
63,97.6053
63,107.565
63,97.481
63,111.119
63,90.8946
63,93.54
63,102.951
63,97.2544
63,97.2076
63,97.6787
63,92.7332
63,90.8941
63,94.9726
63,101.606
63,96.6709
63,99.4334
63,102.611
63,96.7126
63,102.41
63,101.335
63,97.7018
63,107.534
63,107.345
63,105.82
63,101.876
63,104.125
63,106.152
63,108.226
63,102.578
63,99.6625
63,96.3006
63,100.35
63,100.624
63,96.1476
63,96.3914
63,96.078
63,95.2939
63,99.1054
63,101.278
63,97.1582
63,109.38
63,104.943
63,104.678
63,101.313
63,103.698
63,101.992
63,102.056
63,100.07
63,101.081
63,106.31
63,101.634
63,99.4864
63,108.982
63,101.683
63,105.202
63,101.8
63,120.735
63,125.685
64,132.513
64,131.89
64,110.512
64,126.069
64,113.448
64,101.572
64,94.4719
64,125.868
64,101.985
64,110.061
64,166.991
64,102.298
64,99.0904
64,98.8889
64,102.412
64,101.191
64,93.7672
64,94.6432
64,113.353
64,99.6532
64,96.1803
64,96.5737
64,97.4609
64,111.704
64,97.681
64,98.2717
64,115.623
64,101.074
64,99.0675
64,97.7517
64,106.941
64,99.4643
64,100.542
64,98.5552
64,100.221
64,98.4364
64,106.82
64,101.064
64,96.1916
64,92.665
64,95.1863
64,97.0833
64,100.593
64,97.1807
64,99.7599
64,102.608
64,95.0571
64,93.7159
64,100.177
64,91.7503
64,100.642
64,92.3488
64,93.9444
64,103.713
64,102.125
64,98.9805
64,100.317
64,93.3628
64,96.62
64,102.872
64,97.6457
64,104.856
64,102.339
64,98.3919
64,94.8821
64,93.0485
64,106.741
64,124.305
64,103.185
64,101.521
64,99.6912
64,97.4217
64,96.6427
64,97.6626
64,95.1614
64,101.845
64,95.4241
64,106.197
64,109.044
64,106.565
64,122.934
64,94.8019
64,96.8853
64,99.4316
64,97.605
64,103.499
64,100.274
64,107.612
64,103.738
64,98.4432
64,104.633
64,102.54
64,98.4346
64,94.2726
64,98.9843
64,113.356
64,102.579
64,102.727
64,97.7855
64,109.113
65,122.451
65,116.758
65,127.719
65,105.276
65,113.643
65,123.795
65,98.0766
65,118.662
65,111.418
65,106.419
65,102.833
65,98.1821
65,106.468
65,100.546
65,105.368
65,110.864
65,123.661
65,123.739
65,124.426
65,99.5472
65,101.312
65,120.051
65,125.492
65,120.288
65,103.292
65,107.654
65,101.758
65,99.3654
65,100.989
65,100.181
65,121.034
65,104.21
65,100.465
65,101.446
65,107.553
65,105.531
65,103.991
65,107.968
65,414.11
65,105.816
65,102.941
65,115.618
65,110.376
65,97.3205
65,98.7916
65,102.667
65,101.42
65,99.3916
65,100.696
65,99.8535
65,96.1951
65,103.078
65,103.039
65,101.669
65,105.284
65,104.413
65,94.3714
65,98.8903
65,97.9303
65,92.7579
65,92.6571
65,114.307
65,101.151
65,96.4947
65,98.8491
65,103.785
65,100.234
65,100.615
65,99.5856
65,98.5225
65,104.106
65,107.561
65,110.84
65,106.706
65,110.042
65,111.643
65,111.439
65,105.109
65,106.076
65,97.7003
65,120.588
65,98.6349
65,98.8842
65,101.684
65,102.144
65,102.394
65,100.097
65,118.535
65,110.453
65,107.776
65,103.258
65,101.348
65,104.247
65,100.291
65,110.366
65,106.762
65,108.339
65,151.375
65,168.313
65,106.686
66,104.866
66,114.246
66,112.392
66,100.74
66,101.66
66,112.588
66,106.362
66,103.083
66,112.02
66,103.169
66,113.8
66,105.731
66,107.178
66,112.779
66,110.728
66,112.072
66,106.52
66,107.587
66,110.027
66,105.818
66,109.39
66,103.121
66,106.393
66,109.001
66,108.712
66,112.795
66,106.199
66,102.055
66,100.66
66,97.017
66,96.7395
66,95.9208
66,107.58
66,99.0063
66,118.646
66,99.1534
66,103.823
66,96.5527
66,114.586
66,102.656
66,107.633
66,108.077
66,122.864
66,103.721
66,107.227
66,116.249
66,107.74
66,102.513
66,99.0618
66,213.938
66,103.199
66,119.785
66,105.122
66,94.675
66,105.889
66,118.852
66,103.706
66,102.393
66,99.9037
66,104.405
66,133.587
66,110.858
66,113.468
66,105.639
66,109.72
66,101.947
66,105.853
66,102.068
66,103.006
66,135.725
66,101.352
66,98.9621
66,96.1937
66,104.708
66,100.108
66,104.099
66,100.344
66,124.675
66,101.123
66,98.463
66,114.986
66,98.8711
66,111.201
66,103.282
66,96.9537
66,95.8509
66,95.7914
66,107.375
66,102.481
66,98.6353
66,99.6707
66,104.319
66,99.438
66,100.456
66,96.8488
66,97.1118
66,98.6019
66,106.205
66,100.903
66,99.9327
67,101.16
67,99.1273
67,107.194
67,100.898
67,106.486
67,103.776
67,103.935
67,107.511
67,103.874
67,115.469
67,113.823
67,122.074
67,114.971
67,107.815
67,120.924
67,118.551
67,124.112
67,115.181
67,101.981
67,101.412
67,116.971
67,103.941
67,113.865
67,119.11
67,113.886
67,105.391
67,106.629
67,107.744
67,102.19
67,115.54
67,105.024
67,96.8527
67,101.383
67,102.413
67,97.9581
67,99.6334
67,103.637
67,99.6946
67,104.079
67,107.642
67,104.392
67,101.617
67,106.229
67,107.337
67,118.942
67,123.461
67,100.928
67,122.666
67,110.212
67,114.209
67,107.9
67,108.65
67,115.147
67,108.743
67,102.22
67,112.028
67,111.583
67,94.185
67,98.8769
67,100.274
67,104.558
67,105.874
67,102.543
67,101.714
67,99.0833
67,102.08
67,102.099
67,103.603
67,148.144
67,102.237
67,99.9856
67,104.386
67,109.818
67,103.593
67,102.755
67,114.236
67,106.197
67,105.948
67,114.703
67,107.662
67,107.726
67,99.7741
67,103.401
67,100.324
67,98.543
67,118.254
67,100.322
67,101.209
67,102.176
67,102.888
67,102.916
67,95.5718
67,99.1788
67,99.838
67,105.976
67,104.104
67,106.481
67,100.488
67,102.41
67,108.506
68,103.864
68,102.922
68,112.578
68,109.06
68,135.3
68,104.377
68,111.908
68,108.399
68,114.277
68,110.435
68,119.43
68,118.949
68,118.012
68,8093.16
68,110.47
68,105.01
68,100.302
68,96.4751
68,96.4678
68,106.56
68,112.501
68,102.133
68,110.814
68,111.474
68,106.103
68,106.739
68,106.649
68,112.946
68,108.424
68,106.963
68,101.663
68,109.885
68,110.108
68,108.114
68,97.8648
68,107.292
68,103.037
68,104.562
68,118.399
68,115.039
68,129.977
68,122.959
68,111.014
68,121.04
68,99.8562
68,125.91
68,112.643
68,109.911
68,126.759
68,110.999
68,120.369
68,126.756
68,111.685
68,110.588
68,114.03
68,108.497
68,113.874
68,109.061
68,99.9789
68,109.062
68,100.541
68,105.65
68,109.12
68,103.864
68,105.347
68,100.209
68,130.525
68,102.172
68,117.508
68,110.251
68,107.887
68,106.493
68,104.879
68,126.72
68,103.849
68,97.149
68,117.037
68,127.37
68,114.126
68,115.075
68,120.111
68,107.444
68,113.258
68,123.54
68,102.635
68,105.368
68,120.831
68,111.774
68,111.295
68,104.23
68,120.13
68,115.13
68,105.602
68,129.034
68,114.656
68,167.661
68,111.098
68,116.271
68,101.426
68,103.522
69,109.664
69,116.056
69,116.389
69,116.995
69,154.452
69,107.708
69,118.186
69,109.681
69,106.855
69,104.181
69,108.778
69,107.037
69,103.247
69,101.62
69,103.085
69,110.755
69,107.272
69,104.228
69,102.484
69,105.775
69,116.784
69,103.984
69,105.264
69,105.6
69,108.776
69,110.795
69,106.556
69,118.016
69,108.281
69,104.142
69,111.406
69,113.955
69,115.369
69,103.818
69,100.388
69,102.322
69,100.321
69,109.372
69,107.902
69,111.602
69,120.024
69,108.967
69,120.777
69,113.14
69,105.884
69,119.285
69,112.475
69,116.869
69,102.453
69,121.95
69,108.623
69,108.569
69,118.795
69,111.174
69,112.281
69,111.169
69,105.252
69,113.32
69,113.926
69,108.576
69,116.178
69,103.872
69,142.625
69,117.18
69,122.349
69,128.191
69,113.756
69,116.815
69,105.83
69,142.242
69,118.209
69,123.073
69,111.352
69,101.619
69,117.915
69,108.522
69,189.469
69,111.4
69,112.556
69,122.085
69,130.098
69,114.905
69,105.994
69,108.665
69,110.445
69,107.521
69,103.961
69,96.9501
69,100.636
69,125.141
69,114.053
69,99.7041
69,107.381
69,107.019
69,106.23
69,101.738
69,102.88
69,97.3274
69,104.578
69,103.037
70,99.5961
70,113.404
70,110.614
70,118.932
70,109.313
70,106.673
70,108.337
70,116.556
70,106.722
70,101.528
70,103.389
70,121.719
70,117.823
70,121.077
70,118.955
70,111.216
70,110.942
70,111.725
70,114.467
70,114.325
70,115.948
70,111.303
70,118.724
70,122.941
70,115.888
70,113.768
70,113.784
70,116.415
70,114.86
70,3068.66
70,118.644
70,224.224
70,121.886
70,106.896
70,113.036
70,109.684
70,131.859
70,131.939
70,106.948
70,104.792
70,106.766
70,109.063
70,112.328
70,107.531
70,108.064
70,104.307
70,104.305
70,96.1845
70,113.414
70,107.388
70,104.406
70,102.134
70,98.7989
70,103.681
70,115.257
70,99.7612
70,116.779
70,121.625
70,104.737
70,103.266
70,102.308
70,105.659
70,105.257
70,103.376
70,103.876
70,106.36
70,107.19
70,109.49
70,107.234
70,101.686
70,108.554
70,105.651
70,108.873
70,107.068
70,106.515
70,118.178
70,116.164
70,107.661
70,105.947
70,108.341
70,116.822
70,122.439
70,110.969
70,106.522
70,124.032
70,115.477
70,118.942
70,113.412
70,113.661
70,119.22
70,121.262
70,125.622
70,120.35
70,114.041
70,110.092
70,116.069
70,106.381
70,105.378
70,107.185
70,114.523
71,108.34
71,105.009
71,106.056
71,107.269
71,111.559
71,112.976
71,102.828
71,106.987
71,103.056
71,102.142
71,118.495
71,108.51
71,102.03
71,103.996
71,118.023
71,110.049
71,106.255
71,114.965
71,118.731
71,108.91
71,110.393
71,114.12
71,127.841
71,121.409
71,112.368
71,105.741
71,102.725
71,110.984
71,120.524
71,110.592
71,108.431
71,109.94
71,118.664
71,109.385
71,109.703
71,111.714
71,113.531
71,104.254
71,111.019
71,104.54
71,108.984
71,111.79
71,107.137
71,111.758
71,110.755
71,120.428
71,113.334
71,112.086
71,113.506
71,106.781
71,119.9
71,107.7
71,113.512
71,111.573
71,117.99
71,108.513
71,113.508
71,112.597
71,108.777
71,110.242
71,104.935
71,103.381
71,108.451
71,109.113
71,113.314
71,107.852
71,104.925
71,104.839
71,113.928
71,106.729
71,110.55
71,107.864
71,112.331
71,109.365
71,110.441
71,126.856
71,100.87
71,114.625
71,108.518
71,104.589
71,110.843
71,110.068
71,111.923
71,106.924
71,105.878
71,106.672
71,116.077
71,99.426
71,98.573
71,105.132
71,101.343
71,105.9
71,110.618
71,102.709
71,106.121
71,108.566
71,116.919
71,107.672
71,113.054
71,108.321
72,124.053
72,126.741
72,116.893
72,118.207
72,115.358
72,111.905
72,111.585
72,111.929
72,115.752
72,119.728
72,109.329
72,108.556
72,102.839
72,108.996
72,109.143
72,109.894
72,107.237
72,111.744
72,116.705
72,112.12
72,137.375
72,115.611
72,110.941
72,111.015
72,106.997
72,110.909
72,110.484
72,111.343
72,105.773
72,109.298
72,115.927
72,107.494
72,104.96
72,110.445
72,109.278
72,114.25
72,110.542
72,105.317
72,105.501
72,101.808
72,123.119
72,111.504
72,104.042
72,110.992
72,111.35
72,110.473
72,134.265
72,110.206
72,161.707
72,112.661
72,119.705
72,103.15
72,102.952
72,101.559
72,107.34
72,108.076
72,114.274
72,119.544
72,109.853
72,107.382
72,109.428
72,108.028
72,111.245
72,109.063
72,110.316
72,113.165
72,113.117
72,109.44
72,109.15
72,102.534
72,107.824
72,112.803
72,107.428
72,105.385
72,109.794
72,110.18
72,102.386
72,106.58
72,109.408
72,102.787
72,112.313
72,105.532
72,113.881
72,110.526
72,118.65
72,114.954
72,115.171
72,114.783
72,117.516
72,109.951
72,107.354
72,107.885
72,104.341
72,111.928
72,109.541
72,106.895
72,103.502
72,107.885
72,109.44
72,107.719
73,108.294
73,108.211
73,119.41
73,119.455
73,116.244
73,131.262
73,120.229
73,108.117
73,107.731
73,110.655
73,112.112
73,115.558
73,118.364
73,117.804
73,115.593
73,111.712
73,115.943
73,107.441
73,110.478
73,115.328
73,108.661
73,108.092
73,105.718
73,105.011
73,116.101
73,111.958
73,109.357
73,107.049
73,117.421
73,110.162
73,108.068
73,112.495
73,111.723
73,109.292
73,113.975
73,105.751
73,118.434
73,116.711
73,113.416
73,121.507
73,110.748
73,113.508
73,117.132
73,112.959
73,123.363
73,117.891
73,106.36
73,122.807
73,142.141
73,106.649
73,119.138
73,112.023
73,120.159
73,108.757
73,112.648
73,124.89
73,114.557
73,158.118
73,123.762
73,110.671
73,115.337
73,113.982
73,116.828
73,110.72
73,115.161
73,131.39
73,120.11
73,112.456
73,113.116
73,113.342
73,115.94
73,112.141
73,111.932
73,111.328
73,107.533
73,119.509
73,110.111
73,104.786
73,114.544
73,105.242
73,110.772
73,105.806
73,119.19
73,111.964
73,117.493
73,105.614
73,108.587
73,113.566
73,119.43
73,117.298
73,119.332
73,112.646
73,115.358
73,117.605
73,192.367
73,109.597
73,107.095
73,110.868
73,115.044
73,112.054
74,125.537
74,110.826
74,119.475
74,124.856
74,119.847
74,112.794
74,115.313
74,125.317
74,114.251
74,124.695
74,116.755
74,119.176
74,110.6
74,114.317
74,113.254
74,119.873
74,113.985
74,111.109
74,107.147
74,114.575
74,154.024
74,106.699
74,107.337
74,118.407
74,123.821
74,123.83
74,113.104
74,114.71
74,116.726
74,109.291
74,110.958
74,110.823
74,120.441
74,111.883
74,109.278
74,110.859
74,117.914
74,118.335
74,113.244
74,109.166
74,109.564
74,123.868
74,112.19
74,112.924
74,125.911
74,121.257
74,116.365
74,109.314
74,116.707
74,110.447
74,116.064
74,134.992
74,120.139
74,111.511
74,123.932
74,122.618
74,117.688
74,110.536
74,111.142
74,108.616
74,122.098
74,118.115
74,116.732
74,115.57
74,113.777
74,108.342
74,113.313
74,109.799
74,110.399
74,119.496
74,110.219
74,115.353
74,110.877
74,118.546
74,109.046
74,104.798
74,120.009
74,108.365
74,117.247
74,118.424
74,121.543
74,121.589
74,111.201
74,108.123
74,109.351
74,111.619
74,112.355
74,119.275
74,148.238
74,126.027
74,117.149
74,124.062
74,116.728
74,133.104
74,116.595
74,106.356
74,114.663
74,108.113
74,114.76
74,113.723
75,118.247
75,110.684
75,117.719
75,123.402
75,123.265
75,111.638
75,121.008
75,112.828
75,117.332
75,110.967
75,114.303
75,119.715
75,107.338
75,115.267
75,116.166
75,124.433
75,122.529
75,125.001
75,118.098
75,119.518
75,113.22
75,111.634
75,113.762
75,109.148
75,112.438
75,134.686
75,119.718
75,276.096
75,121.405
75,122.482
75,116.866
75,112.14
75,125.605
75,117.033
75,115.826
75,119.282
75,113.192
75,113.248
75,126.604
75,123.596
75,111.738
75,113.61
75,109.706
75,117.765
75,114.887
75,126.368
75,108.09
75,115.576
75,114.745
75,130.503
75,117.932
75,116.335
75,120.407
75,122.713
75,116.609
75,115.353
75,111.333
75,109.55
75,130.959
75,117.686
75,128.148
75,125.122
75,110.239
75,112.435
75,121.757
75,126.323
75,130.429
75,191.931
75,127.648
75,135.71
75,121.487
75,129.209
75,113.956
75,123.197
75,117.766
75,123.288
75,122.809
75,126.699
75,134.741
75,131.47
75,128.562
75,115.498
75,105.683
75,115.535
75,123.299
75,114.237
75,113.711
75,115.3
75,117.406
75,111.812
75,124.776
75,120.477
75,134.193
75,114.437
75,116.923
75,122.519
75,117.881
75,122.67
75,117.327
75,147.875
76,124.414
76,127.877
76,126.131
76,113.192
76,114.576
76,115.568
76,128.697
76,126.999
76,128.952
76,120.156
76,131.256
76,126.543
76,112.774
76,112.003
76,113.519
76,116.083
76,110.446
76,127.262
76,118.556
76,181.254
76,122.582
76,114.922
76,109.412
76,114.97
76,120.755
76,118.601
76,115.614
76,114.797
76,112.282
76,112.161
76,115.914
76,114.841
76,116.187
76,120.147
76,126.936
76,124.171
76,119.658
76,116.506
76,114.785
76,143.167
76,116.974
76,136.371
76,111.696
76,122.275
76,111.275
76,124.54
76,115.034
76,119.421
76,128.345
76,114.214
76,112.853
76,116.235
76,109.287
76,114.506
76,112.941
76,125.067
76,112.585
76,115.507
76,122.563
76,108.396
76,117.36
76,115.961
76,119.842
76,118.132
76,112.452
76,117.137
76,116.965
76,107.903
76,124.608
76,125.697
76,124.421
76,129.545
76,143.454
76,123.108
76,130.921
76,134.194
76,128.393
76,126.425
76,132.96
76,132.509
76,126.379
76,124.25
76,127.19
76,130.801
76,126.034
76,171.702
76,127.521
76,123.266
76,133.533
76,117.877
76,121.683
76,113.806
76,170.061
76,140.82
76,131.992
76,115.798
76,129.95
76,116.885
76,118.813
76,118.222
77,139.418
77,117.308
77,121.105
77,124.999
77,114.955
77,116.502
77,140.786
77,119.139
77,134.32
77,129.643
77,128.957
77,133.254
77,116.156
77,115.303
77,112.035
77,123.27
77,117.94
77,126.24
77,126.429
77,125.23
77,134.463
77,121.37
77,130.32
77,120.916
77,138.065
77,115.877
77,150.177
77,119.428
77,154.784
77,130.574
77,129.786
77,120.734
77,115.781
77,129.814
77,121.51
77,108.028
77,125.981
77,130.964
77,116.284
77,128.791
77,111.931
77,117.865
77,123.181
77,119.964
77,118.203
77,124.081
77,114.826
77,124.051
77,133.274
77,120.261
77,124.583
77,118.943
77,125.697
77,120.599
77,117.756
77,118.154
77,133.389
77,127.499
77,130.889
77,118.939
77,139.089
77,132.506
77,112.219
77,116.259
77,137.839
77,124.355
77,120.172
77,121.107
77,131.979
77,124.605
77,139.228
77,112.433
77,123.618
77,116.492
77,120.362
77,121.37
77,116.12
77,117.898
77,125.476
77,122.991
77,119.179
77,118.029
77,117.162
77,125.24
77,124.474
77,119.979
77,123.259
77,119.945
77,123.491
77,113.363
77,119.203
77,115.918
77,140.917
77,120.443
77,116.053
77,120.603
77,115.247
77,115.912
77,118.083
77,113.012
78,116.76
78,118.535
78,113.077
78,113.727
78,117.854
78,124.176
78,125.839
78,125.289
78,118.665
78,116.697
78,120.215
78,124.34
78,118.803
78,121.433
78,112.237
78,121.359
78,114.014
78,123.266
78,120.71
78,114.098
78,117.681
78,120.625
78,118.396
78,114.418
78,113.498
78,117.007
78,120.828
78,111.525
78,119.268
78,124.568
78,127.212
78,115.977
78,118.157
78,115.764
78,117.716
78,119.456
78,130.942
78,128.432
78,119.62
78,120.328
78,114.498
78,114.674
78,118.083
78,111.913
78,113.443
78,117.901
78,119.903
78,126.412
78,113.331
78,113.947
78,128.425
78,120.475
78,119.42
78,117.209
78,117.841
78,123.539
78,119.59
78,116.001
78,123.896
78,128.493
78,127.069
78,119.619
78,120.895
78,119.379
78,117.319
78,118.514
78,121.602
78,123.299
78,113.759
78,130.176
78,132.22
78,131.148
78,113.148
78,128.161
78,114.062
78,119.95
78,125.789
78,131.57
78,131.316
78,134.281
78,116.626
78,129.613
78,122.326
78,123.403
78,120.99
78,127.691
78,117.232
78,121.881
78,141.112
78,121.976
78,127.89
78,115.623
78,119.291
78,120.797
78,113.274
78,117.008
78,116.463
78,122.217
78,120.735
78,116.37
79,123.131
79,116.657
79,125.686
79,113.722
79,123.643
79,131.282
79,121.206
79,123.71
79,126.79
79,123.238
79,120.346
79,127.131
79,127.324
79,134.593
79,138.331
79,123.959
79,131.136
79,118.32
79,122.466
79,131.1
79,123.459
79,130.441
79,120.008
79,135.341
79,126.116
79,133.81
79,137.434
79,118.211
79,126.677
79,128.783
79,143.358
79,136.535
79,119.881
79,126.559
79,119.58
79,141.901
79,118.99
79,119.511
79,120.366
79,120.089
79,121.304
79,112.734
79,120.037
79,130.283
79,129.083
79,123.174
79,117.578
79,173.769
79,130.711
79,131.704
79,122.488
79,123.261
79,121.945
79,117.611
79,120.574
79,115.534
79,116.464
79,121.745
79,119.785
79,118.53
79,121.231
79,120.853
79,122.203
79,128.521
79,122.688
79,118.858
79,129.942
79,115.653
79,118.445
79,123.549
79,142.39
79,115.459
79,129.802
79,117.077
79,121.918
79,115.522
79,122.843
79,118.109
79,119.321
79,116.263
79,127.3
79,196.469
79,127.534
79,134.032
79,116.809
79,118.147
79,112.739
79,142.009
79,123.071
79,123.13
79,127.174
79,145.759
79,132.474
79,124.469
79,129.948
79,130.643
79,118.862
79,137.239
79,135.874
79,132.507
80,114.011
80,123.653
80,124.484
80,126.637
80,123.195
80,120.617
80,128.437
80,129.963
80,128.554
80,127.822
80,120.401
80,122.481
80,130.321
80,154.22
80,124.657
80,115.005
80,127.561
80,121.082
80,125.185
80,124.144
80,119.792
80,130.446
80,122.143
80,129.393
80,133.762
80,132.366
80,132.705
80,129.104
80,127.623
80,121.516
80,125.145
80,126.701
80,121.37
80,122.944
80,145.512
80,112.591
80,114.411
80,116.304
80,120.952
80,119.772
80,131.173
80,117.333
80,125.711
80,127.461
80,122.219
80,126.929
80,137.252
80,123.46
80,126.764
80,124.501
80,128.585
80,117.776
80,117.096
80,114.405
80,130.443
80,131.871
80,128.139
80,122.643
80,125.071
80,124.398
80,111.284
80,115.047
80,118.313
80,116.818
80,121.852
80,121.473
80,121.217
80,119.02
80,116.382
80,116.515
80,143.052
80,120.586
80,120.689
80,121.972
80,124.926
80,126.115
80,131.577
80,122.351
80,123.75
80,114.842
80,115.386
80,128.305
80,127.885
80,132.556
80,140.238
80,141.368
80,126.811
80,126.65
80,135.594
80,123.833
80,137.871
80,137.997
80,129.074
80,127.482
80,130.603
80,125.645
80,129.438
80,120.725
80,129.453
80,134.592
81,119.066
81,136.477
81,131.046
81,136.129
81,133.544
81,130.558
81,124.329
81,117.091
81,137.197
81,128.512
81,131.479
81,128.615
81,121.37
81,136.802
81,128.947
81,132.12
81,134.121
81,131.675
81,123.241
81,133.838
81,132.075
81,139.444
81,141.015
81,126.891
81,136.33
81,136.288
81,141.547
81,138.439
81,202.843
81,132.182
81,145.247
81,117.357
81,138.238
81,129.326
81,126.141
81,124.558
81,123.921
81,143.012
81,130.251
81,118.157
81,131.972
81,119.559
81,124.228
81,123.907
81,135.929
81,125.375
81,147.601
81,129.097
81,119.376
81,120.088
81,125.14
81,125.372
81,121.601
81,118.48
81,122.168
81,124.847
81,141.678
81,140.29
81,138.749
81,137.706
81,121.763
81,120.244
81,129.723
81,132.913
81,132.47
81,133.576
81,130.809
81,119.268
81,125.214
81,123.527
81,133.965
81,127.478
81,121.971
81,122.593
81,127.742
81,122.811
81,116.126
81,123.804
81,122.946
81,119.174
81,118.403
81,120.158
81,121.305
81,126.024
81,123.454
81,125.94
81,123.464
81,126.32
81,119.593
81,119.638
81,122.929
81,120.612
81,120.432
81,117.582
81,125.418
81,126.045
81,112.709
81,127.786
81,123.405
81,124.996
82,129.971
82,143.741
82,132.47
82,121.576
82,123.948
82,131.046
82,128.778
82,140.992
82,129.612
82,121.857
82,126.593
82,121.177
82,116.792
82,125.243
82,125.971
82,122.667
82,120.791
82,120.593
82,122.071
82,123.004
82,127.824
82,134.645
82,141.599
82,128.593
82,127.338
82,122.704
82,131.278
82,135.11
82,135.033
82,135.631
82,131.556
82,124.513
82,123.519
82,127.505
82,131.299
82,122.237
82,120.733
82,122.042
82,139.135
82,127.162
82,117.67
82,118.294
82,119.985
82,118.151
82,122.415
82,124.088
82,123.499
82,124.222
82,119.657
82,122.621
82,121.998
82,124.725
82,121.706
82,119.667
82,130.912
82,116.253
82,133.441
82,123.3
82,117.377
82,113.865
82,125.677
82,128.266
82,119.073
82,122.666
82,121.827
82,140.29
82,122.567
82,127.549
82,124.169
82,125.52
82,123.098
82,117.489
82,132.885
82,122.378
82,114.435
82,118.461
82,121.88
82,119.764
82,129.725
82,128.488
82,134.005
82,127.706
82,118.898
82,168.042
82,133.945
82,132.667
82,123.422
82,134.477
82,120.042
82,123.363
82,117.405
82,122.227
82,124.812
82,119.535
82,122.376
82,114.513
82,124.257
82,125.68
82,121.059
82,124.321
83,133.037
83,141.516
83,134.462
83,125.388
83,127.864
83,126.194
83,128.263
83,125.963
83,133.782
83,122.514
83,127.744
83,124.342
83,122.549
83,124.693
83,129.598
83,120.339
83,128.285
83,118.004
83,124.826
83,122.348
83,120.994
83,124.716
83,121.376
83,123.48
83,123.655
83,123.639
83,125.237
83,123.928
83,121.841
83,135.168
83,123.001
83,124.423
83,118.234
83,119.475
83,121.868
83,132.225
83,133.97
83,132.194
83,123.326
83,123.159
83,122.193
83,125.276
83,125.133
83,122.802
83,121.396
83,118.458
83,117.564
83,168.064
83,133.187
83,124.314
83,123.666
83,124.698
83,121.09
83,126.966
83,124.933
83,1427.69
83,122.457
83,124.589
83,8231.39
83,121.709
83,138.902
83,128.682
83,130.442
83,131.046
83,118.96
83,122.839
83,116.854
83,124.836
83,123.84
83,119.68
83,119.42
83,122.134
83,124.984
83,206.189
83,123.432
83,125.96
83,150.919
83,120.945
83,117.987
83,121.941
83,123.847
83,124.5
83,119.609
83,124.934
83,124.459
83,120.687
83,134.632
83,117.287
83,130.175
83,119.22
83,121.763
83,120.37
83,120.922
83,141.013
83,129.069
83,122.919
83,118.224
83,134.139
83,132.637
83,123.012
84,123.354
84,120.753
84,123.129
84,134.101
84,118.061
84,126.318
84,122.667
84,146.851
84,128.151
84,128.531
84,119.816
84,126.689
84,127.236
84,122.917
84,979.308
84,120.015
84,122.65
84,126.342
84,121.498
84,124.812
84,122.059
84,126.531
84,136.659
84,130.985
84,131.037
84,128.585
84,124.355
84,119.588
84,127.515
84,125.925
84,128.25
84,125.245
84,120.279
84,128.183
84,122.304
84,127.954
84,117.576
84,128.033
84,122.873
84,128.677
84,143.304
84,129.138
84,137.52
84,119.383
84,124.446
84,119.203
84,120.097
84,128.797
84,120.935
84,122.39
84,123.117
84,117.009
84,122.477
84,121.873
84,123.697
84,120.874
84,126.595
84,128.894
84,124.501
84,119.555
84,118.983
84,124.845
84,123.927
84,123.18
84,122.281
84,124.636
84,123.664
84,122.507
84,118.549
84,123.292
84,122.43
84,122.302
84,121.41
84,135.79
84,126.367
84,132.101
84,126.021
84,125.969
84,131.993
84,128.332
84,124.074
84,123.671
84,130.684
84,122.488
84,122.146
84,125.05
84,125.75
84,126.344
84,131.504
84,119.953
84,126.257
84,122.82
84,118.496
84,116.925
84,135.941
84,123.048
84,134.958
84,120.828
84,117.995
84,115.584
85,125.355
85,122.385
85,124.041
85,126.098
85,125.013
85,119.668
85,121.138
85,128.58
85,126.583
85,122.563
85,129.229
85,134.061
85,125.585
85,123.968
85,125.63
85,122.604
85,131.493
85,121.201
85,129.649
85,129.587
85,122.795
85,126.82
85,125.363
85,123.097
85,124.92
85,125.739
85,126.895
85,126.515
85,126.362
85,127.413
85,128.871
85,123.769
85,119.402
85,124.269
85,126.392
85,115.756
85,117.525
85,120.625
85,124.09
85,128.063
85,127.154
85,126.717
85,134.159
85,127.704
85,125.049
85,130.334
85,126.525
85,120.289
85,125.051
85,122.742
85,128.262
85,132.906
85,129.828
85,120.999
85,129.32
85,120.918
85,129.521
85,130.898
85,124.42
85,115.544
85,120.023
85,117.426
85,116.346
85,123.419
85,118.082
85,122.152
85,129.077
85,122.258
85,128.691
85,124.852
85,120.663
85,123.931
85,127.208
85,128.968
85,126.979
85,122.014
85,121.453
85,124.548
85,125.088
85,123.978
85,121.038
85,126.968
85,127.803
85,123.085
85,121.286
85,131.488
85,131.234
85,122.527
85,121.437
85,122.582
85,124.555
85,128.564
85,123.13
85,126.111
85,122.397
85,124.531
85,124.279
85,122.312
85,128.352
85,165.701
86,123.04
86,134.499
86,125.723
86,127.738
86,144.193
86,124.508
86,130.384
86,136.158
86,147.495
86,133.034
86,122.725
86,124.587
86,132.238
86,134.466
86,124.257
86,126.657
86,127.012
86,126.325
86,153.498
86,130.446
86,120.58
86,135.581
86,131.765
86,122.977
86,123.356
86,160.517
86,126.281
86,127.226
86,127.297
86,123.799
86,120.219
86,133.05
86,135.677
86,124.351
86,127.691
86,128.944
86,126.322
86,124.113
86,124.894
86,137.639
86,141.519
86,126.049
86,142.513
86,138.611
86,133.128
86,134.822
86,131.928
86,130.542
86,127.912
86,128.723
86,127.057
86,131.109
86,130.57
86,131.986
86,127.958
86,130.283
86,124.59
86,123.942
86,125.474
86,140.224
86,128.003
86,128.035
86,123.646
86,128.77
86,127.988
86,128.045
86,125.548
86,130.047
86,142.385
86,130.084
86,131.423
86,138.311
86,128.256
86,130.132
86,127.308
86,131.742
86,147.567
86,131.003
86,124.885
86,131.877
86,122.486
86,125.655
86,142.938
86,138.156
86,129.907
86,131.442
86,123.556
86,126.698
86,141.257
86,132.702
86,132.755
86,131.769
86,121.991
86,159.884
86,118.676
86,129.356
86,118.643
86,141.391
86,126.973
86,120.29
87,132.629
87,132.391
87,133.65
87,134.342
87,131.553
87,128.78
87,131.803
87,133.896
87,139.211
87,134.264
87,133.095
87,137.349
87,157.152
87,144.211
87,132.855
87,141.178
87,132.507
87,138.971
87,122.093
87,151.093
87,155.82
87,138.157
87,136.985
87,125.161
87,137.157
87,138.986
87,151.142
87,133.216
87,143.356
87,130.723
87,129.096
87,168.742
87,150.192
87,133.535
87,147.234
87,146.204
87,138.852
87,133.19
87,143.088
87,129.33
87,125.354
87,126.853
87,127.353
87,132.456
87,126.421
87,126.707
87,129.991
87,126.839
87,132.778
87,139.243
87,130.773
87,166.389
87,125.973
87,122.158
87,149.019
87,126.777
87,128.731
87,193.328
87,131.885
87,125.424
87,142.165
87,153.146
87,137.175
87,140.967
87,145.745
87,140.733
87,138.672
87,132.383
87,126.711
87,140.195
87,142.179
87,131.841
87,143.425
87,141.323
87,144.29
87,134.39
87,137.845
87,146.21
87,149.912
87,149.504
87,131.701
87,120.076
87,128.651
87,139.17
87,137.171
87,121.241
87,125.067
87,131.69
87,128.854
87,123.699
87,146.213
87,129.61
87,127.156
87,150.626
87,152.45
87,136.742
87,131.302
87,127.083
87,145.401
87,135.343
88,144.528
88,149.128
88,134.486
88,137.187
88,132.243
88,136.883
88,147.871
88,144.397
88,150.316
88,134.204
88,139.44
88,139.419
88,141.37
88,134.403
88,145.865
88,141.955
88,131.836
88,143.312
88,138.622
88,158.262
88,143.326
88,156.784
88,143.11
88,148.67
88,151.958
88,133.624
88,133.236
88,127.175
88,134.082
88,133.268
88,147.582
88,153.267
88,137.372
88,140.945
88,165.667
88,147.256
88,137.805
88,150.532
88,151.882
88,128.698
88,126.782
88,122.923
88,157.484
88,134.892
88,140.2
88,142.783
88,150.993
88,138.612
88,139.115
88,147.605
88,135.178
88,129.007
88,146.238
88,144.522
88,144.926
88,132.082
88,130.108
88,122.366
88,140.082
88,125.736
88,138.592
88,140.146
88,146.25
88,131.177
88,144.223
88,138.398
88,140.435
88,128.46
88,130.934
88,121.367
88,129.532
88,135.346
88,125.192
88,127.958
88,133.819
88,130.374
88,127.518
88,144.073
88,129.942
88,136.008
88,138.26
88,143.159
88,135.225
88,137.666
88,143.212
88,140.75
88,140.543
88,135.29
88,129.372
88,146.086
88,160.574
88,133.679
88,136.468
88,152.635
88,139.69
88,135.595
88,133.829
88,142.001
88,135.257
88,210.681
89,140.464
89,141.308
89,141.65
89,135.842
89,131.388
89,278.313
89,138.488
89,137.877
89,138.43
89,142.847
89,129.557
89,142.692
89,158.367
89,141.96
89,126.59
89,132.731
89,128.426
89,132.861
89,132.913
89,129.735
89,126.101
89,144.522
89,136.421
89,142.123
89,137.202
89,134.486
89,145.67
89,136.542
89,146.209
89,140.746
89,134.259
89,143.826
89,135.181
89,132.337
89,141.194
89,139.23
89,153.934
89,134.184
89,134.948
89,127.603
89,152.419
89,131.26
89,137.794
89,134.787
89,138.083
89,143.219
89,131.997
89,131.796
89,148.008
89,131.991
89,139.147
89,130.585
89,126.824
89,144.149
89,131.89
89,127.861
89,132.697
89,585.383
89,131.421
89,133.357
89,126.011
89,147.161
89,128.371
89,127.698
89,141.006
89,141.239
89,133.247
89,132.116
89,150.641
89,136.327
89,143.914
89,139.913
89,135.025
89,131.692
89,132.136
89,132.543
89,137.39
89,132.844
89,125.373
89,130.017
89,131.21
89,128.378
89,131.889
89,134.816
89,129.933
89,134.985
89,137.345
89,148.306
89,136.819
89,132.183
89,129.796
89,131.306
89,132.118
89,139.378
89,142.214
89,136.574
89,136.326
89,148.361
89,140.745
89,126.739
90,137.477
90,143.23
90,146.463
90,144.126
90,134.886
90,163.933
90,144.457
90,140.825
90,135.081
90,151.253
90,168.497
90,158.059
90,143.235
90,150.826
90,153.552
90,144.215
90,151.356
90,146.627
90,147.858
90,149.038
90,148.172
90,154.261
90,146.467
90,159.043
90,138.734
90,153.661
90,160.297
90,129.193
90,131.398
90,149.113
90,141.86
90,144.844
90,146.751
90,148.006
90,521.275
90,136.883
90,141.042
90,150.26
90,151.167
90,130.703
90,145.102
90,167.407
90,166.487
90,149.11
90,134.708
90,145.673
90,135.583
90,140.037
90,134.225
90,127.647
90,137.603
90,138.043
90,137.874
90,137.623
90,159.07
90,135.516
90,133.437
90,138.627
90,149.368
90,134.869
90,137.765
90,145.658
90,138.973
90,136.997
90,133.673
90,137.914
90,135.564
90,149.673
90,133.445
90,137.78
90,140.692
90,134.128
90,143.133
90,128.123
90,144.525
90,143.028
90,128.808
90,127.792
90,138.224
90,138.998
90,129.317
90,138.66
90,141.806
90,150.836
90,141.589
90,142.442
90,136.083
90,139.469
90,135.11
90,131.68
90,136.304
90,129.06
90,135.816
90,136.978
90,137.547
90,132.917
90,141.089
90,132.443
90,129.501
90,125.576
91,133.143
91,135.959
91,129.419
91,134.736
91,133.835
91,137.189
91,129.052
91,129.234
91,129.965
91,142.919
91,142.203
91,133.558
91,150.594
91,125.975
91,129.963
91,129.873
91,131.344
91,128.918
91,128.376
91,130.346
91,145.495
91,125.606
91,133.506
91,133.64
91,139.692
91,189.89
91,149.397
91,145.989
91,139.769
91,136.338
91,142.401
91,129.82
91,126.167
91,130.039
91,145.203
91,134.825
91,131.809
91,133.793
91,142.957
91,141.089
91,137.573
91,147.338
91,147.291
91,144.523
91,137.711
91,134.006
91,136.848
91,141.103
91,176.152
91,134.18
91,130.228
91,137.542
91,136.982
91,137.844
91,136.13
91,132.688
91,149.788
91,131.149
91,138.803
91,148.847
91,144.147
91,147.36
91,140.188
91,134.418
91,138.963
91,143.845
91,142.2
91,141.77
91,147.117
91,157.852
91,156.132
91,149.749
91,163.536
91,156.191
91,142.471
91,148.798
91,138.556
91,137.301
91,142.351
91,141.279
91,137.459
91,146.18
91,134.465
91,139.028
91,130.857
91,131.946
91,131.6
91,132.166
91,134.124
91,138.989
91,137.124
91,139.797
91,130.004
91,132.479
91,131.084
91,132.945
91,129.449
91,139.996
91,136.39
91,143.679
92,145.46
92,145.324
92,139.437
92,130.392
92,140.33
92,141.525
92,152.778
92,137.495
92,136.596
92,141.673
92,153.264
92,142.34
92,142.22
92,149.259
92,150.406
92,140.344
92,140.226
92,139.085
92,147.05
92,155.044
92,144.343
92,151.73
92,150.668
92,144.52
92,151.195
92,194.441
92,209.327
92,185.492
92,178.52
92,149.801
92,170.231
92,150.508
92,133.16
92,133.974
92,137.906
92,137.061
92,141.927
92,138.146
92,133.536
92,128.008
92,130.651
92,132.426
92,128.861
92,141.315
92,137.348
92,138.05
92,145.894
92,139.577
92,132.503
92,135.759
92,141.721
92,138.317
92,135.162
92,147.874
92,149.742
92,136.262
92,134.948
92,149.462
92,134.588
92,135.392
92,155.064
92,136.894
92,149.434
92,134.614
92,138.804
92,135.911
92,140.593
92,145.008
92,150.386
92,144.647
92,133.525
92,138.442
92,134.472
92,136.914
92,147.508
92,145.032
92,149.255
92,146.445
92,136.426
92,141.948
92,137.006
92,140.177
92,150.065
92,136.386
92,127.142
92,137.387
92,140.468
92,135.429
92,135.049
92,143.404
92,136.122
92,136.922
92,139.215
92,136.334
92,125.755
92,138.468
92,143.423
92,136.927
92,140.959
92,144.655
93,153.714
93,139.041
93,140.637
93,146.404
93,143.28
93,135.948
93,133.258
93,137.108
93,137.981
93,150.351
93,141.855
93,134.623
93,142.232
93,140.307
93,138.622
93,436.55
93,138.093
93,140.078
93,142.914
93,151.385
93,137.715
93,138.873
93,170.122
93,143.363
93,155.565
93,168.081
93,137.817
93,153.723
93,149.442
93,148.571
93,147.571
93,141.107
93,138.846
93,143.507
93,136.719
93,154.219
93,141.142
93,138.718
93,141.744
93,147.013
93,129.039
93,133.308
93,148.887
93,142.324
93,131.634
93,137.673
93,135.654
93,135.389
93,133.277
93,142.736
93,145.077
93,131.182
93,138.185
93,142.694
93,139.174
93,133.767
93,135.757
93,151.251
93,211.129
93,439.082
93,517.227
93,137.234
93,138.993
93,140.098
93,132.407
93,141.595
93,134.694
93,136.98
93,130.608
93,145.101
93,133.876
93,138.955
93,130.297
93,139.941
93,140.926
93,143.614
93,146.347
93,146.928
93,132.71
93,140.657
93,153.8
93,143.1
93,157.769
93,143.291
93,138.346
93,138.639
93,138.111
93,138.058
93,135.885
93,136.385
93,131.989
93,138.842
93,138.086
93,136.058
93,141.413
93,143.904
93,136.331
93,142.178
93,140.045
93,143.76
94,134.991
94,135.805
94,131.353
94,138.429
94,139.153
94,137.393
94,133.637
94,138.142
94,133.633
94,135.943
94,143.361
94,140.323
94,146.014
94,143.709
94,138.299
94,147.462
94,144.771
94,143.631
94,137.79
94,138.26
94,135.95
94,146.346
94,161.602
94,143.612
94,140.401
94,142.172
94,134.634
94,229.838
94,185.949
94,146.784
94,150.218
94,139.996
94,171.028
94,137.882
94,137.466
94,137.731
94,136.664
94,139.021
94,139.028
94,138.951
94,139.563
94,172.02
94,143.949
94,138.313
94,138.681
94,141.407
94,148.686
94,143.527
94,151.511
94,140.368
94,146.746
94,147.102
94,139.918
94,141.601
94,153.324
94,144.396
94,142.352
94,139.821
94,144.221
94,145.384
94,162.572
94,173.954
94,170.964
94,169.785
94,161.255
94,151.479
94,152.866
94,141.27
94,143.77
94,137.862
94,138.398
94,148.122
94,176.98
94,187.913
94,137.482
94,141.12
94,140.671
94,139.12
94,138.16
94,135.886
94,139.491
94,133.017
94,141.774
94,143.005
94,145.771
94,153.541
94,150.131
94,157.201
94,145.937
94,155.363
94,144.566
94,130.815
94,129.147
94,155.212
94,136.447
94,134.034
94,145.732
94,149.405
94,142.195
94,143.558
95,139.961
95,138.075
95,133.327
95,137.594
95,137.191
95,143.794
95,139.82
95,135.211
95,146.191
95,134.481
95,145.22
95,134.279
95,141.696
95,135.777
95,142.541
95,147.399
95,136.297
95,143.395
95,152.048
95,148.96
95,155.52
95,152.701
95,154.997
95,140.786
95,149.652
95,144.966
95,132.979
95,143.19
95,152.276
95,144.404
95,146.955
95,152.432
95,140.436
95,145.153
95,143.93
95,142.299
95,151.531
95,144.121
95,220.993
95,152.566
95,154.281
95,147.565
95,138.932
95,139.435
95,141.393
95,142.736
95,162.758
95,140.96
95,151.257
95,138.131
95,137.41
95,153.903
95,144.72
95,156.528
95,142.853
95,133.079
95,152.28
95,145.544
95,144.828
95,132.378
95,132.221
95,155.524
95,140.507
95,152.42
95,134.617
95,153.285
95,144.586
95,156.166
95,142.101
95,138.96
95,137.858
95,155.338
95,150.674
95,141.436
95,134.549
95,157.129
95,141.609
95,135.621
95,144.292
95,138.116
95,136.371
95,136.245
95,132.945
95,146.53
95,142.673
95,144.645
95,135.893
95,133.54
95,143.76
95,138.556
95,167.251
95,147.183
95,148.438
95,149.05
95,159.625
95,149.333
95,145.377
95,162.221
95,143.326
95,149.53
96,136.551
96,343.007
96,142.652
96,139.102
96,138.802
96,142.937
96,149.395
96,152.795
96,149.387
96,145.145
96,142.642
96,143.411
96,148.472
96,142.977
96,142.659
96,136.755
96,142.292
96,132.762
96,131.122
96,139.658
96,144.454
96,146.875
96,144.541
96,151.449
96,147.598
96,142.982
96,142.251
96,151.179
96,153.409
96,155.674
96,148.074
96,147.69
96,144.043
96,147.168
96,148.438
96,139.266
96,143.244
96,139.263
96,138.019
96,142.439
96,150.733
96,142.483
96,151.353
96,149.813
96,148.02
96,147.576
96,146.247
96,160.09
96,140.621
96,152.108
96,143.93
96,143.484
96,137.222
96,153.507
96,134.016
96,141.649
96,193.2
96,138.062
96,139.911
96,146.546
96,143.911
96,137.421
96,142.991
96,136.43
96,142.415
96,134.598
96,136.667
96,130.698
96,138.668
96,144.568
96,139.108
96,135.322
96,135.143
96,133.727
96,137.184
96,136.801
96,135.529
96,140.075
96,144.313
96,139.911
96,134.597
96,126.248
96,137.513
96,132.001
96,131.821
96,138.347
96,135.994
96,137.742
96,134.712
96,138.319
96,146.219
96,138.366
96,140.253
96,140.131
96,141.562
96,167.215
96,139.661
96,138.931
96,134.555
96,160.597
97,136.486
97,133.877
97,138.7
97,157.357
97,132.156
97,129.604
97,138.308
97,138.64
97,130.159
97,128.409
97,134.751
97,131.005
97,149.893
97,137.642
97,135.852
97,136.001
97,144.407
97,136.979
97,141.408
97,144.382
97,137.256
97,131.565
97,137.431
97,136.355
97,142.666
97,139.337
97,143.181
97,136.062
97,136.812
97,133.846
97,141.242
97,186.502
97,149.403
97,141.748
97,133.883
97,143.4
97,132.25
97,134.453
97,134.708
97,132.163
97,136.811
97,130.929
97,138.134
97,149.073
97,137.322
97,149.397
97,137.208
97,139.897
97,152.5
97,137.415
97,131.522
97,129.818
97,132.38
97,137.412
97,142.592
97,136.289
97,134.868
97,128.896
97,136.642
97,139.613
97,139.535
97,131.467
97,142.443
97,147.092
97,137.005
97,154.36
97,135.806
97,133.345
97,140.057
97,134.816
97,134.93
97,134.533
97,134.057
97,137.722
97,143.164
97,140.633
97,148.021
97,136.763
97,129.678
97,134.379
97,150.124
97,132.817
97,140.422
97,139.34
97,137.688
97,137.354
97,167.267
97,136.563
97,137.471
97,142.055
97,137.861
97,149.951
97,144.432
97,145.068
97,136.955
97,141.798
97,158.429
97,147.827
97,150.75
97,145.793
98,145.042
98,146.12
98,150.172
98,143.243
98,153.841
98,142.725
98,143.893
98,148.298
98,136.776
98,138.195
98,142.371
98,134.916
98,138.176
98,137.403
98,146.585
98,144.884
98,138.903
98,145.107
98,139.569
98,138.259
98,137.572
98,134.949
98,135.236
98,137.372
98,146.455
98,141.139
98,135.191
98,142.421
98,132.619
98,144.807
98,136.107
98,133.142
98,130.251
98,138.992
98,135.637
98,151.223
98,133.8
98,145.026
98,134.11
98,140.23
98,136.208
98,146.205
98,141.98
98,139.095
98,137.442
98,145.005
98,143.864
98,142.686
98,132.572
98,135.447
98,137.169
98,146.296
98,161.167
98,148.909
98,133.535
98,141.836
98,153.386
98,139.281
98,142.124
98,141.1
98,142.269
98,137.66
98,137.505
98,132.944
98,143.339
98,143.268
98,137.974
98,141.028
98,134.276
98,139.354
98,137.541
98,141.89
98,136.627
98,133.51
98,133.513
98,142.987
98,141.239
98,141.007
98,135.266
98,151.947
98,141.133
98,137.334
98,140.43
98,136.354
98,139.9
98,139.759
98,137.331
98,138.086
98,130.786
98,583.657
98,141.698
98,136.816
98,139.698
98,141.633
98,143.458
98,142.348
98,138.941
98,165.354
98,137.775
98,139.123
99,139.831
99,144.295
99,175.994
99,140.265
99,154.186
99,132.69
99,139.716
99,141.533
99,137.701
99,138.041
99,141.043
99,144.3
99,134.709
99,139.126
99,150.904
99,140.13
99,138.312
99,184.822
99,144.934
99,142.395
99,152.034
99,137.45
99,141.29
99,144.688
99,135.538
99,138.473
99,139.261
99,136.278
99,137.374
99,147.048
99,147.55
99,145.982
99,138.917
99,153.186
99,149.552
99,152.039
99,143.735
99,145.372
99,149.254
99,164.889
99,142.75
99,148.239
99,141.58
99,141.919
99,136.793
99,146.984
99,147.134
99,151.124
99,139.336
99,145.546
99,132.265
99,139.706
99,136.309
99,134.208
99,136.064
99,140.731
99,140.777
99,149.631
99,138.967
99,170.735
99,149.261
99,148.348
99,140.436
99,139.154
99,139.405
99,2370.23
99,151.188
99,144.048
99,140.35
99,145.163
99,139.171
99,143.34
99,146.318
99,141.538
99,139.756
99,137.362
99,142.039
99,138.304
99,144.805
99,146.875
99,142.063
99,135.448
99,144.566
99,147.729
99,152.052
99,143.247
99,140.976
99,143.127
99,141.426
99,138.589
99,137.273
99,155.655
99,142.419
99,138.191
99,161.933
99,138.636
99,137.172
99,137.571
99,134.788
99,144.825
100,147.065
100,152.097
100,138.095
100,140.013
100,141.258
100,144.771
100,145.372
100,148.728
100,141.035
100,142.138
100,138.612
100,138.636
100,164.572
100,155.286
100,142.834
100,136.967
100,140.892
100,142.571
100,141.157
100,133.855
100,144.166
100,137.959
100,144.882
100,139.914
100,142.782
100,154.553
100,141.373
100,140.663
100,143.583
100,147.845
100,171.583
100,147.509
100,137.595
100,150.261
100,140.823
100,139.482
100,145.01
100,139.102
100,142.023
100,141.1
100,144.361
100,139.271
100,142.685
100,134.389
100,134.857
100,149.705
100,134.754
100,134.597
100,157.348
100,139.057
100,144.605
100,144.415
100,139.21
100,141.139
100,139.745
100,144.879
100,180.216
100,156.427
100,151.392
100,159.951
100,142.375
100,139.006
100,144.414
100,139.272
100,336.116
100,140.795
100,150.742
100,141.595
100,141.319
100,145.221
100,149.335
100,143.465
100,149.234
100,150.045
100,142.901
100,144.834
100,147.11
100,139.447
100,135.709
100,142.432
100,140.86
100,143.574
100,136.495
100,151.245
100,139.41
100,157.817
100,137.03
100,133.625
100,146.216
100,142.591
100,142.329
100,141.408
100,143.317
100,144.581
100,137.656
100,143.889
100,137.977
100,140.017
100,141.648
100,142.748
